, , , , , , , , , , , ,Muscle_2h_HW_M0, , , , , , , , , , , , , , , ,Muscle_HW_2h_M1, , , , , , , , , , , , , , , ,Muscle_HW_2h_M2, , , , , , , , , , , , , , , ,Muscle_HW_2h_M3, , , , , , , , , , , , , , , ,Muscle_HW_2h_M6, , , , , , , , , , , , , , , ,Muscle_HW_2h_M7, , , , , , , , , , , , , , , ,Muscle_HW_2h_M9, , , , , , , , , , , , , , , ,Muscle_HW_2h_M13, , , , , , , , , , , , , , , ,Muscle_HW_2h_M16, , , , , , , , , , , , , , , ,Muscle_HW_2h_M21, , , , , , , , , , , , , , , ,Muscle_HW_2h_M24, , , , , , , , , , , , , , , ,Muscle_HW_2h_M31, , , , , , , , , , , , , , , , 
Peptide, UniqueToProtein, Exchangeable Hydrogens, Charge, m/z(Sequence), M0, M1, M2, M3, M4, M5, Total Labeling, m/z(Precursor), IonScore, Expectn, Error(ppm), Scan, I0, I1, I2, I3, I4, I5, Start Elution (min), End Elution (min), I0 Peak Width, Total Labeling, Net Labeling,m/z(Precursor), IonScore, Expectn, Error(ppm), Scan, I0, I1, I2, I3, I4, I5, Start Elution (min), End Elution (min), I0 Peak Width, Total Labeling, Net Labeling,m/z(Precursor), IonScore, Expectn, Error(ppm), Scan, I0, I1, I2, I3, I4, I5, Start Elution (min), End Elution (min), I0 Peak Width, Total Labeling, Net Labeling,m/z(Precursor), IonScore, Expectn, Error(ppm), Scan, I0, I1, I2, I3, I4, I5, Start Elution (min), End Elution (min), I0 Peak Width, Total Labeling, Net Labeling,m/z(Precursor), IonScore, Expectn, Error(ppm), Scan, I0, I1, I2, I3, I4, I5, Start Elution (min), End Elution (min), I0 Peak Width, Total Labeling, Net Labeling,m/z(Precursor), IonScore, Expectn, Error(ppm), Scan, I0, I1, I2, I3, I4, I5, Start Elution (min), End Elution (min), I0 Peak Width, Total Labeling, Net Labeling,m/z(Precursor), IonScore, Expectn, Error(ppm), Scan, I0, I1, I2, I3, I4, I5, Start Elution (min), End Elution (min), I0 Peak Width, Total Labeling, Net Labeling,m/z(Precursor), IonScore, Expectn, Error(ppm), Scan, I0, I1, I2, I3, I4, I5, Start Elution (min), End Elution (min), I0 Peak Width, Total Labeling, Net Labeling,m/z(Precursor), IonScore, Expectn, Error(ppm), Scan, I0, I1, I2, I3, I4, I5, Start Elution (min), End Elution (min), I0 Peak Width, Total Labeling, Net Labeling,m/z(Precursor), IonScore, Expectn, Error(ppm), Scan, I0, I1, I2, I3, I4, I5, Start Elution (min), End Elution (min), I0 Peak Width, Total Labeling, Net Labeling,m/z(Precursor), IonScore, Expectn, Error(ppm), Scan, I0, I1, I2, I3, I4, I5, Start Elution (min), End Elution (min), I0 Peak Width, Total Labeling, Net Labeling,m/z(Precursor), IonScore, Expectn, Error(ppm), Scan, I0, I1, I2, I3, I4, I5, Start Elution (min), End Elution (min), I0 Peak Width, Total Labeling, Net Labeling
KIIAPPER,No, 19, 2,  462.28726,   57.707,30.612,9.235,2.028,0.357,0.053,56.862, , , , , , , , , , , , , , , , , , , , , , , , , , , , , , , , ,, , , , , , , , , , , , , , , ,, , , , , , , , , , , , , , , , 462.28781,   33.72000, 2.200000e-02, -1.2, 8268,3.621500e+07,1.793032e+07,6.215472e+06,9.243210e+05,0.000000e+00,0.000000e+00,20.283867, 20.385216,0.000100,0.331152,0.331152,, , , , , , , , , , , , , , , ,, , , , , , , , , , , , , , , ,, , , , , , , , , , , , , , , ,, , , , , , , , , , , , , , , , 462.28809,   36.61000, 7.100000e-03, -1.8, 8344,3.965543e+07,2.178417e+07,7.165678e+06,1.426119e+06,7.790300e+04,0.000000e+00,20.691242, 20.819443,0.000100,0.354562,0.354562,, , , , , , , , , , , , , , , , 462.28842,    40.13000, 4.900000e-03, -2.5, 8314, 3.134736e+07,1.729609e+07,6.137868e+06,7.968780e+05,1.015000e+05,0.000000e+00,20.665342, 20.793877,0.000100,0.355569,0.355569,
AVFPSIVGR,No, 17, 2,  473.27945,   56.453,31.194,9.703,2.187,0.394,0.060,59.039, , , , , , , , , , , , , , , , , , , , , , , , , , , , , , , , ,, , , , , , , , , , , , , , , ,, , , , , , , , , , , , , , , , 473.28101,   41.52000, 4.100000e-03, -3.3, 24842,1.483527e+10,7.977017e+09,2.509640e+09,5.387336e+08,9.072994e+07,1.348550e+07,45.289669, 45.418285,0.000100,0.349681,0.349681,, , , , , , , , , , , , , , , ,, , , , , , , , , , , , , , , ,, , , , , , , , , , , , , , , ,, , , , , , , , , , , , , , , , 473.28128,   41.50000, 4.000000e-03, -3.9, 25041,9.057497e+08,5.195837e+08,1.688153e+08,3.634859e+07,4.231751e+06,0.000000e+00,45.926788, 46.619183,0.000100,0.364535,0.364535,, , , , , , , , , , , , , , , , 473.28088,    45.85000, 2.700000e-03, -3.0, 25082, 6.161901e+10,3.493453e+10,1.280557e+10,3.380393e+09,6.900424e+08,1.326685e+08,45.439079, 45.806179,0.000100,0.361815,0.361815,
AGFAGDDAPR,No, 26, 2,  488.72778,   57.705,30.147,9.457,2.198,0.415,0.067,57.651, , , , , , , , , , , , , , , , , , , , , , , , , , , , , , , , ,, , , , , , , , , , , , , , , ,, , , , , , , , , , , , , , , , 488.72894,   57.46000, 8.700000e-05, -2.4, 11612,1.922968e+10,1.002568e+10,3.549356e+09,1.070375e+09,2.702568e+08,8.041564e+07,23.637482, 23.957455,0.000100,0.342695,0.342695,, , , , , , , , , , , , , , , ,, , , , , , , , , , , , , , , ,, , , , , , , , , , , , , , , ,, , , , , , , , , , , , , , , , 488.72986,   56.84000, 9.000000e-05, -4.3, 11075,2.128483e+10,1.185121e+10,4.431805e+09,1.449717e+09,3.945042e+08,1.135644e+08,24.099733, 24.388729,0.000100,0.357653,0.357653,, , , , , , , , , , , , , , , , 488.72998,    61.40000, 2.200000e-05, -4.5, 11694, 1.751615e+10,1.023728e+10,4.152376e+09,1.501334e+09,4.605298e+08,1.420148e+08,24.122044, 24.430746,0.000100,0.368865,0.368865,
DLTDYLMK,No, 7, 2,  499.74680,   53.742,29.599,11.987,3.591,0.869,0.176,68.704, , , , , , , , , , , , , , , , , , , , , , , , , , , , , , , , ,, , , , , , , , , , , , , , , ,, , , , , , , , , , , , , , , , 499.74774,   26.25000, 1.600000e-02, -1.9, 34037,4.192416e+10,2.352889e+10,9.288931e+09,2.540054e+09,5.536173e+08,1.168129e+08,57.945011, 58.254414,0.000100,0.359477,0.359477,, , , , , , , , , , , , , , , ,, , , , , , , , , , , , , , , ,, , , , , , , , , , , , , , , ,, , , , , , , , , , , , , , , , 499.74933,   27.94000, 1.300000e-02, -5.1, 34106,1.254480e+08,6.906906e+07,2.823363e+07,2.486435e+06,7.498651e+05,2.372645e+05,59.640060, 60.501522,0.000100,0.355080,0.355080,, , , , , , , , , , , , , , , , 499.74823,    27.43000, 1.800000e-02, -2.9, 35843, 1.940234e+09,1.138664e+09,4.277794e+08,1.157875e+08,3.491948e+07,2.092595e+07,58.549450, 58.854874,0.000100,0.369828,0.369828,
DLTDYLmK,No, 7, 2,  507.74423,   53.742,29.599,11.987,3.591,0.869,0.176,68.704, , , , , , , , , , , , , , , , , , , , , , , , , , , , , , , , ,, , , , , , , , , , , , , , , ,, , , , , , , , , , , , , , , , 507.74524,   31.12000, 1.700000e-03, -2.0, 27865,9.442890e+08,5.118625e+08,1.811934e+08,5.372159e+07,1.014365e+07,2.016555e+07,49.525799, 49.991093,0.000100,0.351517,0.351517,, , , , , , , , , , , , , , , ,, , , , , , , , , , , , , , , ,, , , , , , , , , , , , , , , ,, , , , , , , , , , , , , , , , 507.74667,   30.58000, 1.900000e-03, -4.8, 28748,1.090029e+09,6.077252e+08,2.343629e+08,6.286128e+07,9.398270e+06,2.487934e+07,49.791264, 50.222282,0.000100,0.357958,0.357958,, , , , , , , , , , , , , , , , 507.74631,    30.88000, 1.800000e-03, -4.1, 29005, 1.038710e+09,6.142788e+08,2.500792e+08,6.645399e+07,1.459370e+07,1.618780e+07,49.935070, 50.384884,0.000100,0.371617,0.371617,
TMYPGIADR,No, 16, 2,  512.25000,   53.288,29.909,12.089,3.626,0.875,0.177,69.351, , , , , , , , , , , , , , , , , , , , , , , , , , , , , , , , ,, , , , , , , , , , , , , , , ,, , , , , , , , , , , , , , , , 512.25183,   31.14000, 8.900000e-03, -3.6, 16997,5.116433e+07,2.774881e+07,9.757444e+06,1.616313e+06,3.811520e+05,2.848821e+06,33.451691, 33.721424,0.000100,0.351637,0.351637,, , , , , , , , , , , , , , , ,, , , , , , , , , , , , , , , ,, , , , , , , , , , , , , , , ,, , , , , , , , , , , , , , , , 512.25275,   31.79000, 6.500000e-03, -5.4, 16985,7.166529e+07,4.173236e+07,1.596184e+07,3.879340e+06,2.284560e+05,9.772566e+04,33.751881, 34.028461,0.000100,0.368018,0.368018,, , , , , , , , , , , , , , , ,, , , , , , , , , , , , , , , ,
GYSFVTTAER,No, 17, 2,  565.77747,   51.839,32.461,11.763,3.124,0.669,0.122,68.643, , , , , , , , , , , , , , , , , , , , , , , , , , , , , , , , ,, , , , , , , , , , , , , , , ,, , , , , , , , , , , , , , , , 565.77887,   41.41000, 2.000000e-04, -2.5, 18163,2.237212e+10,1.341637e+10,5.179589e+09,1.439657e+09,3.061222e+08,7.285570e+07,35.294106, 35.575317,0.000100,0.374879,0.374879,, , , , , , , , , , , , , , , ,, , , , , , , , , , , , , , , ,, , , , , , , , , , , , , , , ,, , , , , , , , , , , , , , , , 565.78015,   41.38000, 1.700000e-04, -4.8, 18174,3.996638e+10,2.591039e+10,1.048863e+10,2.915046e+09,7.315162e+08,1.638639e+08,35.602398, 35.883469,0.000100,0.393316,0.393316,, , , , , , , , , , , , , , , , 565.77997,    37.80000, 3.900000e-04, -4.4, 18856, 2.890771e+10,1.926926e+10,8.271622e+09,2.531144e+09,6.738354e+08,1.726959e+08,35.678829, 35.951534,0.000100,0.399968,0.399968,
EITALAPSTMK,No, 20, 2,  581.31281,   49.350,31.210,13.569,4.404,1.155,0.255,77.455, , , , , , , , , , , , , , , , , , , , , , , , , , , , , , , , ,, , , , , , , , , , , , , , , ,, , , , , , , , , , , , , , , , 581.31476,   43.04000, 9.500000e-04, -3.4, 19420,2.622682e+10,1.557386e+10,7.323252e+09,2.397011e+09,5.938341e+08,1.341668e+08,37.180237, 37.459995,0.000100,0.372574,0.372574,, , , , , , , , , , , , , , , ,, , , , , , , , , , , , , , , ,, , , , , , , , , , , , , , , ,, , , , , , , , , , , , , , , , 581.31531,   46.26000, 4.800000e-04, -4.3, 19657,3.859945e+10,2.532688e+10,1.154824e+10,4.135192e+09,1.100002e+09,2.602787e+08,37.554974, 37.821453,0.000100,0.396189,0.396189,, , , , , , , , , , , , , , , , 581.31519,    43.86000, 6.600000e-04, -4.1, 19882, 2.295891e+10,1.553603e+10,7.510578e+09,2.841257e+09,8.165653e+08,2.147038e+08,37.599422, 37.875427,0.000100,0.403586,0.403586,
HQGVMVGMGQK,No, 20, 3,  391.19522,   47.646,30.041,14.863,5.358,1.591,0.398,84.198, , , , , , , , , , , , , , , , , , , , , , , , , , , , , , , , ,, , , , , , , , , , , , , , , ,, , , , , , , , , , , , , , , , 391.19611,   36.36000, 4.500000e-04, -2.3, 9033,6.787734e+09,4.262794e+09,2.153159e+09,7.445277e+08,1.912443e+08,4.630663e+07,21.435749, 21.697962,0.000100,0.385755,0.385755,, , , , , , , , , , , , , , , ,, , , , , , , , , , , , , , , ,, , , , , , , , , , , , , , , ,, , , , , , , , , , , , , , , , 391.19678,   38.48000, 3.100000e-04, -4.0, 9110,9.470044e+09,6.310988e+09,3.301670e+09,1.175045e+09,3.240378e+08,7.543137e+07,21.846027, 22.105850,0.000100,0.399910,0.399910,, , , , , , , , , , , , , , , , 391.19693,    36.20000, 4.100000e-04, -4.4, 9130, 8.325004e+09,5.704996e+09,3.199409e+09,1.204980e+09,3.387790e+08,9.055450e+07,21.898729, 22.156946,0.000100,0.406628,0.406628,
HQGVMVGMGQK,No, 20, 2,  586.28918,   47.646,30.041,14.863,5.358,1.591,0.398,84.198, , , , , , , , , , , , , , , , , , , , , , , , , , , , , , , , ,, , , , , , , , , , , , , , , ,, , , , , , , , , , , , , , , , 586.29059,   69.70000, 6.200000e-07, -2.4, 9064,4.118413e+09,2.734723e+09,1.364209e+09,4.734313e+08,1.326896e+08,3.293572e+07,21.435749, 21.697962,0.000100,0.399047,0.399047,, , , , , , , , , , , , , , , ,, , , , , , , , , , , , , , , ,, , , , , , , , , , , , , , , ,, , , , , , , , , , , , , , , , 586.29193,   75.33000, 3.000000e-07, -4.7, 9112,3.866171e+09,2.676454e+09,1.347538e+09,5.056396e+08,1.451241e+08,4.304621e+07,21.846027, 22.105850,0.000100,0.409080,0.409080,, , , , , , , , , , , , , , , , 586.29156,    66.98000, 6.300000e-07, -4.1, 9330, 3.751523e+09,2.712095e+09,1.419544e+09,5.384211e+08,1.712005e+08,5.251757e+07,21.898729, 22.156946,0.000100,0.419594,0.419594,
EITALAPSTmK,No, 20, 2,  589.31030,   49.350,31.210,13.569,4.404,1.155,0.255,77.455, , , , , , , , , , , , , , , , , , , , , , , , , , , , , , , , ,, , , , , , , , , , , , , , , ,, , , , , , , , , , , , , , , , 589.31165,   35.32000, 2.500000e-03, -2.3, 15359,6.196927e+08,3.835709e+08,2.155079e+08,9.740926e+07,3.086561e+07,7.342433e+06,30.702379, 30.995502,0.000100,0.382323,0.382323,, , , , , , , , , , , , , , , ,, , , , , , , , , , , , , , , ,, , , , , , , , , , , , , , , ,, , , , , , , , , , , , , , , , 589.31226,   48.85000, 2.500000e-04, -3.3, 15213,6.967966e+08,4.594121e+08,2.916219e+08,1.482098e+08,5.668260e+07,1.836000e+07,31.123390, 31.399260,0.000100,0.397344,0.397344,, , , , , , , , , , , , , , , , 589.31287,    45.13000, 4.300000e-04, -4.4, 15422, 6.824435e+08,4.741019e+08,2.716444e+08,1.297418e+08,5.444999e+07,1.735165e+07,31.153610, 31.429590,0.000100,0.409929,0.409929,
HQGVMVGmGQK,No, 20, 2,  594.28662,   47.646,30.041,14.863,5.358,1.591,0.398,84.198, , , , , , , , , , , , , , , , , , , , , , , , , , , , , , , , ,, , , , , , , , , , , , , , , ,, , , , , , , , , , , , , , , , 594.28790,   46.53000, 4.300000e-05, -2.2, 6063,1.602711e+08,1.012026e+08,5.040596e+07,2.906493e+07,1.722811e+07,5.945431e+06,16.231668, 16.459623,0.000100,0.387047,0.387047,, , , , , , , , , , , , , , , ,, , , , , , , , , , , , , , , ,, , , , , , , , , , , , , , , ,, , , , , , , , , , , , , , , , 594.28876,   42.34000, 5.200000e-04, -3.6, 5720,1.391514e+08,9.137404e+07,4.712455e+07,3.032130e+07,1.939306e+07,8.130174e+06,16.647682, 16.853838,0.000100,0.396373,0.396373,, , , , , , , , , , , , , , , , 594.28894,    50.01000, 2.200000e-05, -3.9, 5685, 1.381367e+08,9.669686e+07,5.095227e+07,3.092314e+07,1.690258e+07,7.532584e+06,16.623043, 16.834490,0.000100,0.411768,0.411768,
HQGVmVGMGQK,No, 20, 3,  396.52686,   47.646,30.041,14.863,5.358,1.591,0.398,84.198, , , , , , , , , , , , , , , , , , , , , , , , , , , , , , , , ,, , , , , , , , , , , , , , , ,, , , , , , , , , , , , , , , , 396.52768,   26.63000, 3.200000e-03, -2.1, 7545,2.265128e+08,1.461571e+08,6.337401e+07,1.806205e+07,4.735947e+06,3.321639e+06,18.506620, 19.329199,0.000100,0.392189,0.392189,, , , , , , , , , , , , , , , ,, , , , , , , , , , , , , , , ,, , , , , , , , , , , , , , , ,, , , , , , , , , , , , , , , , 396.52808,   32.51000, 1.100000e-03, -3.1, 7312,2.257344e+08,1.418197e+08,6.841368e+07,1.824351e+07,3.823047e+06,2.833267e+06,19.157688, 19.877270,0.000100,0.385847,0.385847,, , , , , , , , , , , , , , , , 396.52823,    30.45000, 9.800000e-03, -3.5, 7197, 1.632645e+08,1.064399e+08,5.311765e+07,1.923571e+07,5.546272e+06,2.058628e+06,19.003477, 19.925451,0.000100,0.394654,0.394654,
DSYVGDEAQSK,No, 24, 2,  599.76477,   51.799,31.954,11.977,3.336,0.758,0.147,69.681, , , , , , , , , , , , , , , , , , , , , , , , , , , , , , , , ,, , , , , , , , , , , , , , , ,, , , , , , , , , , , , , , , , 599.76642,   48.27000, 1.300000e-04, -2.7, 9755,2.298949e+09,1.430000e+09,5.716120e+08,1.711882e+08,4.037591e+07,8.380229e+06,21.875490, 22.577005,0.000100,0.383486,0.383486,, , , , , , , , , , , , , , , ,, , , , , , , , , , , , , , , ,, , , , , , , , , , , , , , , ,, , , , , , , , , , , , , , , , 599.76764,   44.51000, 2.300000e-04, -4.8, 9710,1.487326e+09,9.627152e+08,4.220545e+08,1.468734e+08,4.507888e+07,1.147972e+07,22.460136, 22.885143,0.000100,0.392938,0.392938,, , , , , , , , , , , , , , , , 599.76776,    46.41000, 2.000000e-04, -5.0, 9723, 1.632116e+09,1.108642e+09,5.217481e+08,1.996416e+08,6.755250e+07,1.973457e+07,22.511250, 22.948853,0.000100,0.404502,0.404502,
AVFPSIVGRPR,No, 23, 3,  400.24002,   48.657,33.957,12.944,3.521,0.759,0.137,74.130, , , , , , , , , , , , , , , , , , , , , , , , , , , , , , , , ,, , , , , , , , , , , , , , , ,, , , , , , , , , , , , , , , , 400.24109,   25.65000, 1.700000e-02, -2.7, 18902,7.985237e+07,5.273508e+07,2.036226e+07,6.188443e+06,1.967660e+05,0.000000e+00,36.324715, 36.680088,0.000100,0.397738,0.397738,, , , , , , , , , , , , , , , ,, , , , , , , , , , , , , , , ,, , , , , , , , , , , , , , , ,, , , , , , , , , , , , , , , ,, , , , , , , , , , , , , , , ,, , , , , , , , , , , , , , , , 400.57623,    30.12000, 4.400000e-03, -841.4, 18904, 8.455530e+07,6.272425e+07,2.582321e+07,8.577355e+06,5.477420e+05,0.000000e+00,36.720310, 37.067383,0.000100,0.425886,0.425886,
GIITNWDDMEK,No, 15, 2,  661.30829,   44.993,32.363,15.264,5.383,1.536,0.370,87.031, , , , , , , , , , , , , , , , , , , , , , , , , , , , , , , , ,, , , , , , , , , , , , , , , ,, , , , , , , , , , , , , , , , 661.30951,   54.04000, 8.600000e-06, -1.8, 27818,7.427684e+08,5.258847e+08,2.356741e+08,7.983615e+07,2.333413e+07,3.230634e+06,49.774036, 50.016090,0.000100,0.414522,0.414522,, , , , , , , , , , , , , , , ,, , , , , , , , , , , , , , , ,, , , , , , , , , , , , , , , ,, , , , , , , , , , , , , , , , 661.31085,   54.22000, 8.200000e-06, -3.9, 27730,9.677790e+08,7.392049e+08,3.538842e+08,1.303628e+08,4.129352e+07,1.021624e+07,49.957672, 50.172398,0.000100,0.433047,0.433047,, , , , , , , , , , , , , , , , 661.31152,    56.75000, 4.800000e-06, -4.9, 27771, 6.966482e+08,5.393519e+08,2.679995e+08,1.016901e+08,3.479530e+07,8.597531e+06,50.119747, 50.358891,0.000100,0.436369,0.436369,
SGGTTMYPGIADR,No, 23, 2,  663.31134,   45.670,32.163,15.009,5.238,1.480,0.353,85.581, , , , , , , , , , , , , , , , , , , , , , , , , , , , , , , , ,, , , , , , , , , , , , , , , ,, , , , , , , , , , , , , , , , 663.31342,   62.79000, 1.300000e-05, -3.1, 18158,6.897339e+08,4.873964e+08,2.269602e+08,8.044636e+07,2.288045e+07,4.509814e+06,34.893822, 35.175564,0.000100,0.414055,0.414055,, , , , , , , , , , , , , , , ,, , , , , , , , , , , , , , , ,, , , , , , , , , , , , , , , ,, , , , , , , , , , , , , , , , 663.31409,   51.61000, 1.500000e-04, -4.1, 18143,1.441238e+09,1.050301e+09,5.113947e+08,1.895050e+08,6.091387e+07,1.482203e+07,35.228493, 35.475189,0.000100,0.421547,0.421547,, , , , , , , , , , , , , , , , 663.31354,    46.46000, 4.000000e-04, -3.3, 17945, 7.211309e+08,5.432464e+08,2.660503e+08,1.026844e+08,3.501994e+07,9.163972e+06,35.304947, 35.559811,0.000100,0.429655,0.429655,
SGGTTmYPGIADR,No, 23, 2,  671.30884,   45.670,32.163,15.009,5.238,1.480,0.353,85.581, , , , , , , , , , , , , , , , , , , , , , , , , , , , , , , , ,, , , , , , , , , , , , , , , ,, , , , , , , , , , , , , , , , 671.31232,   38.39000, 6.200000e-04, -5.2, 14361,1.319848e+07,8.715233e+06,3.924122e+06,9.218110e+05,1.568780e+05,0.000000e+00,29.451153, 29.630852,0.000100,0.397707,0.397707,, , , , , , , , , , , , , , , ,, , , , , , , , , , , , , , , ,, , , , , , , , , , , , , , , ,, , , , , , , , , , , , , , , , 671.31421,   36.48000, 2.300000e-03, -8.0, 14374,1.341478e+07,8.723946e+06,4.289792e+06,1.443433e+06,3.269730e+05,0.000000e+00,29.316936, 30.787788,0.000100,0.394058,0.394058,, , , , , , , , , , , , , , , , 671.31317,    44.08000, 5.600000e-04, -6.5, 14366, 1.684439e+07,1.160729e+07,5.316863e+06,2.214649e+06,5.296370e+05,0.000000e+00,29.764349, 30.121868,0.000100,0.407965,0.407965,
DSYVGDEAQSKR,No, 27, 2,  677.81531,   47.542,33.329,13.706,4.149,1.017,0.212,78.314, , , , , , , , , , , , , , , , , , , , , , , , , , , , , , , , ,, , , , , , , , , , , , , , , ,, , , , , , , , , , , , , , , , 677.81647,   24.25000, 1.300000e-02, -1.7, 7123,1.552137e+07,1.052196e+07,4.136503e+06,1.107968e+06,0.000000e+00,0.000000e+00,18.532021, 18.761518,0.000100,0.404017,0.404017,, , , , , , , , , , , , , , , ,, , , , , , , , , , , , , , , ,, , , , , , , , , , , , , , , ,, , , , , , , , , , , , , , , ,, , , , , , , , , , , , , , , ,, , , , , , , , , , , , , , , ,, , , , , , , , , , , , , , , ,
DSYVGDEAQSKR,No, 27, 3,  452.21262,   47.542,33.329,13.706,4.149,1.017,0.212,78.314, , , , , , , , , , , , , , , , , , , , , , , , , , , , , , , , ,, , , , , , , , , , , , , , , ,, , , , , , , , , , , , , , , , 452.21393,   34.26000, 6.100000e-04, -2.9, 7117,3.847627e+07,2.481702e+07,1.149657e+07,3.501802e+06,6.313140e+05,1.182030e+05,18.532021, 18.736244,0.000100,0.392096,0.392096,, , , , , , , , , , , , , , , ,, , , , , , , , , , , , , , , ,, , , , , , , , , , , , , , , ,, , , , , , , , , , , , , , , ,, , , , , , , , , , , , , , , ,, , , , , , , , , , , , , , , , 452.54883,    35.79000, 4.400000e-04, -744.6, 7210, 2.451124e+07,1.775755e+07,1.048247e+07,3.456585e+06,1.137959e+06,4.128730e+05,18.953058, 19.361391,0.000100,0.420110,0.420110,
TTGIVLDSGDGVTH,No, 18, 2,  686.34119,   46.615,33.603,14.090,4.337,1.079,0.228,80.246, , , , , , , , , , , , , , , , , , , , , , , , , , , , , , , , ,, , , , , , , , , , , , , , , ,, , , , , , , , , , , , , , , , 686.34332,   59.51000, 3.200000e-06, -3.1, 20930,3.600008e+08,2.721758e+08,1.157669e+08,3.590201e+07,9.128095e+06,9.419640e+05,39.057934, 39.347992,0.000100,0.430538,0.430538,, , , , , , , , , , , , , , , ,, , , , , , , , , , , , , , , ,, , , , , , , , , , , , , , , ,, , , , , , , , , , , , , , , , 686.34460,  100.19000, 1.400000e-09, -5.0, 20740,4.021127e+08,2.832457e+08,1.369269e+08,4.438405e+07,9.270137e+06,1.406443e+06,39.433685, 39.738358,0.000100,0.413281,0.413281,, , , , , , , , , , , , , , , , 686.84570,    66.21000, 7.400000e-07, -735.6, 20732, 2.673346e+08,2.074144e+08,1.003536e+08,4.067821e+07,1.004779e+07,1.606865e+06,39.493065, 39.782452,0.000100,0.436893,0.436893,
DSYVGDEAQSKRG,No, 29, 2,  706.32605,   46.193,33.627,14.292,4.464,1.128,0.242,81.328, , , , , , , , , , , , , , , , , , , , , , , , , , , , , , , , ,, , , , , , , , , , , , , , , ,, , , , , , , , , , , , , , , , 706.32745,   66.18000, 8.500000e-07, -2.0, 7091,7.234886e+06,5.519763e+06,2.594614e+06,5.663900e+05,6.793200e+04,4.489668e+04,18.481649, 18.736244,0.000100,0.432765,0.432765,, , , , , , , , , , , , , , , ,, , , , , , , , , , , , , , , ,, , , , , , , , , , , , , , , ,, , , , , , , , , , , , , , , , 706.32880,   47.95000, 6.100000e-05, -3.9, 7230,6.484036e+06,4.533476e+06,2.462898e+06,8.243560e+05,5.340300e+04,3.584923e+04,18.979372, 19.132444,0.000100,0.411479,0.411479,, , , , , , , , , , , , , , , , 706.32892,    57.29000, 1.200000e-05, -4.1, 7183, 4.970058e+06,4.286902e+06,1.985589e+06,7.100970e+05,1.338230e+05,8.983486e+04,18.901537, 19.104929,0.000100,0.463100,0.463100,
DSYVGDEAQSKRG,No, 29, 3,  471.21979,   46.193,33.627,14.292,4.464,1.128,0.242,81.328, , , , , , , , , , , , , , , , , , , , , , , , , , , , , , , , ,, , , , , , , , , , , , , , , ,, , , , , , , , , , , , , , , , 471.22098,   43.02000, 1.300000e-04, -2.5, 7072,2.522406e+07,1.760702e+07,8.303766e+06,2.102634e+06,4.743610e+05,4.825400e+04,18.456060, 18.658808,0.000100,0.411081,0.411081,, , , , , , , , , , , , , , , ,, , , , , , , , , , , , , , , ,, , , , , , , , , , , , , , , ,, , , , , , , , , , , , , , , , 471.22101,   45.80000, 5.100000e-05, -2.6, 7213,2.954719e+07,2.203962e+07,1.012110e+07,3.647353e+06,8.616740e+05,3.976480e+05,18.979372, 19.157688,0.000100,0.427234,0.427234,, , , , , , , , , , , , , , , , 471.22052,    37.22000, 3.700000e-04, -1.6, 7152, 2.361039e+07,1.823179e+07,8.691569e+06,3.458142e+06,1.245112e+06,3.438590e+05,18.901537, 19.104929,0.000100,0.435727,0.435727,
QEYDEAGPSIVHR,No, 33, 2,  750.85748,   42.627,34.560,15.800,5.238,1.392,0.312,89.000, , , , , , , , , , , , , , , , , , , , , , , , , , , , , , , , ,, , , , , , , , , , , , , , , ,, , , , , , , , , , , , , , , , 750.86133,   54.98000, 7.000000e-06, -5.1, 13712,7.109744e+08,5.972319e+08,2.905291e+08,1.048467e+08,3.002982e+07,8.425229e+06,28.576134, 28.845112,0.000100,0.456527,0.456527,, , , , , , , , , , , , , , , ,, , , , , , , , , , , , , , , ,, , , , , , , , , , , , , , , ,, , , , , , , , , , , , , , , , 750.86353,   51.19000, 1.600000e-05, -8.1, 13716,7.829021e+08,6.394678e+08,3.314726e+08,1.375527e+08,4.934512e+07,1.618767e+07,28.883169, 29.140211,0.000100,0.449579,0.449579,, , , , , , , , , , , , , , , , 750.86078,    90.26000, 3.400000e-09, -4.4, 13793, 4.932388e+08,4.153714e+08,2.155310e+08,9.762986e+07,3.719874e+07,1.306209e+07,29.020391, 29.198004,0.000100,0.457150,0.457150,
QEYDEAGPSIVHR,No, 33, 3,  500.90744,   42.627,34.560,15.800,5.238,1.392,0.312,89.000, , , , , , , , , , , , , , , , , , , , , , , , , , , , , , , , ,, , , , , , , , , , , , , , , ,, , , , , , , , , , , , , , , , 501.23666,   58.47000, 1.800000e-05, -658.1, 14753,1.012534e+10,7.792502e+09,3.819064e+09,1.372566e+09,4.806871e+08,1.015321e+08,28.576134, 28.845112,0.000100,0.434902,0.434902,, , , , , , , , , , , , , , , ,, , , , , , , , , , , , , , , ,, , , , , , , , , , , , , , , ,, , , , , , , , , , , , , , , , 500.90927,   57.46000, 4.900000e-05, -3.7, 13702,1.119282e+10,9.536773e+09,4.672938e+09,1.958469e+09,7.096720e+08,2.038307e+08,28.883169, 29.140211,0.000100,0.460056,0.460056,, , , , , , , , , , , , , , , , 501.24426,    61.28000, 1.300000e-05, -673.3, 13717, 7.306643e+09,6.513841e+09,3.402658e+09,1.535762e+09,6.351071e+08,2.172002e+08,28.943623, 29.223238,0.000100,0.471318,0.471318,
IWHHSFYNELR,Yes, 20, 3,  501.24936,   39.856,35.489,16.976,5.737,1.527,0.339,94.454, , , , , , , , , , , , , , , , , , , , , , , , , , , , , , , , ,, , , , , , , , , , , , , , , ,, , , , , , , , , , , , , , , , 501.25043,   18.59000, 1.800000e-02, -2.1, 16216,8.351278e+06,6.727479e+06,4.571100e+06,1.192062e+07,1.470900e+05,0.000000e+00,31.439993, 32.346619,0.000100,0.446156,0.446156,, , , , , , , , , , , , , , , ,, , , , , , , , , , , , , , , ,, , , , , , , , , , , , , , , ,, , , , , , , , , , , , , , , , 501.25208,   41.60000, 1.300000e-04, -5.4, 16089,1.091784e+07,1.082173e+07,6.829466e+06,3.110064e+06,5.723320e+05,1.232200e+05,32.244106, 32.491455,0.000100,0.497790,0.497790,, , , , , , , , , , , , , , , , 501.58615,    20.73000, 1.800000e-02, -672.8, 16111, 7.844945e+06,9.713196e+06,6.212695e+06,1.076586e+07,8.311460e+05,1.336710e+05,32.219471, 33.187069,0.000100,0.553202,0.553202,
NVLSGGTTMYPGIADR,No, 26, 2,  826.40906,   37.570,33.530,18.259,7.381,2.407,0.662,105.127, , , , , , , , , , , , , , , , , , , , , , , , , , , , , , , , ,, , , , , , , , , , , , , , , ,, , , , , , , , , , , , , , , , 826.40472,   35.88000, 4.300000e-04,  5.2, 26119,1.649147e+07,4.474049e+06,7.384221e+06,0.000000e+00,0.000000e+00,0.000000e+00,47.181271, 47.683346,0.000100,0.213400,0.213400,, , , , , , , , , , , , , , , ,, , , , , , , , , , , , , , , ,, , , , , , , , , , , , , , , ,, , , , , , , , , , , , , , , ,, , , , , , , , , , , , , , , ,, , , , , , , , , , , , , , , ,, , , , , , , , , , , , , , , ,
DLTDYLMKILTERG,No, 18, 2,  834.43726,   36.558,33.631,18.671,7.677,2.543,0.710,107.727, , , , , , , , , , , , , , , , , , , , , , , , , , , , , , , , ,, , , , , , , , , , , , , , , ,, , , , , , , , , , , , , , , , 834.43933,   18.67000, 2.000000e-02, -2.5, 48912,1.600469e+07,1.538165e+07,8.595317e+06,3.180359e+06,1.288296e+06,1.932650e+05,82.430710, 82.694839,0.000100,0.490075,0.490075,, , , , , , , , , , , , , , , ,, , , , , , , , , , , , , , , ,, , , , , , , , , , , , , , , ,, , , , , , , , , , , , , , , ,, , , , , , , , , , , , , , , ,, , , , , , , , , , , , , , , ,, , , , , , , , , , , , , , , ,
ESAGIHETTYNSIMK,No, 28, 3,  560.93475,   37.120,33.429,18.457,7.572,2.510,0.703,106.616, , , , , , , , , , , , , , , , , , , , , , , , , , , , , , , , ,, , , , , , , , , , , , , , , ,, , , , , , , , , , , , , , , , 560.93646,   30.03000, 1.500000e-03, -3.1, 15876,6.189501e+07,5.637165e+07,3.032308e+07,1.170076e+07,4.592251e+06,0.000000e+00,31.767673, 31.956459,0.000100,0.476649,0.476649,, , , , , , , , , , , , , , , ,, , , , , , , , , , , , , , , ,, , , , , , , , , , , , , , , ,, , , , , , , , , , , , , , , , 560.93762,   30.12000, 1.500000e-03, -5.1, 15854,8.849141e+07,8.362361e+07,4.553713e+07,2.133519e+07,1.157572e+07,2.765076e+06,32.038410, 32.266869,0.000100,0.485859,0.485859,, , , , , , , , , , , , , , , , 560.93768,    32.49000, 9.000000e-04, -5.2, 15882, 4.293292e+07,4.597380e+07,2.641413e+07,1.202204e+07,5.625983e+06,1.068191e+06,32.146065, 32.345173,0.000100,0.517101,0.517101,
ESAGIHETTYNSIMK,No, 28, 2,  840.89850,   37.120,33.429,18.457,7.572,2.510,0.703,106.616, , , , , , , , , , , , , , , , , , , , , , , , , , , , , , , , ,, , , , , , , , , , , , , , , ,, , , , , , , , , , , , , , , , 841.40198,   18.23000, 1.900000e-02, -599.1, 15900,4.675218e+06,3.988853e+06,2.357557e+06,8.424430e+05,0.000000e+00,0.000000e+00,31.817308, 31.956459,0.000100,0.460390,0.460390,, , , , , , , , , , , , , , , ,, , , , , , , , , , , , , , , ,, , , , , , , , , , , , , , , ,, , , , , , , , , , , , , , , , 840.90466,   22.71000, 7.400000e-03, -7.3, 15875,7.018145e+06,6.285810e+06,3.596968e+06,1.747599e+06,3.847370e+05,0.000000e+00,32.087471, 32.194519,0.000100,0.472477,0.472477,, , , , , , , , , , , , , , , ,, , , , , , , , , , , , , , , ,
VPIYEGYALPHAIMR,No, 30, 3,  577.30798,   33.506,34.030,19.930,8.530,2.916,0.835,115.323, , , , , , , , , , , , , , , , , , , , , , , , , , , , , , , , ,, , , , , , , , , , , , , , , ,, , , , , , , , , , , , , , , , 577.30621,   28.21000, 2.700000e-03,  3.1, 28052,9.696920e+06,9.220047e+06,5.485497e+06,1.417524e+06,1.489080e+05,0.000000e+00,50.092468, 50.247135,0.000100,0.487396,0.487396,, , , , , , , , , , , , , , , ,, , , , , , , , , , , , , , , ,, , , , , , , , , , , , , , , ,, , , , , , , , , , , , , , , , 577.64417,   39.55000, 2.700000e-04, -583.0, 27931,8.272162e+06,8.772036e+06,5.079258e+06,1.820050e+06,2.706350e+05,0.000000e+00,50.222282, 50.400993,0.000100,0.514664,0.514664,, , , , , , , , , , , , , , , , 577.30804,    23.82000, 5.800000e-03, -0.1, 27964, 8.964604e+06,8.900427e+06,6.274979e+06,3.089730e+06,5.328910e+05,0.000000e+00,50.409924, 50.568916,0.000100,0.498204,0.498204,
PEEHPTLLTEAPLNPK,No, 33, 3,  595.98419,   35.117,35.102,19.194,7.496,2.323,0.604,108.289, , , , , , , , , , , , , , , , , , , , , , , , , , , , , , , , ,, , , , , , , , , , , , , , , ,, , , , , , , , , , , , , , , , 595.98346,   58.95000, 1.000000e-03,  1.2, 22286,9.245450e+05,8.987190e+05,1.356361e+06,1.781470e+05,0.000000e+00,0.000000e+00,41.495155, 41.613129,0.000100,0.492918,0.492918,, , , , , , , , , , , , , , , ,, , , , , , , , , , , , , , , ,, , , , , , , , , , , , , , , ,, , , , , , , , , , , , , , , , 595.97461,   61.53000, 1.700000e-06, 16.1, 22315,4.483144e+06,6.548784e+06,4.671544e+06,3.204450e+05,0.000000e+00,0.000000e+00,41.565918, 41.869991,0.000100,0.593621,0.593621,, , , , , , , , , , , , , , , , 596.32159,    52.82000, 1.100000e-05, -566.8, 22299, 0.000000e+00,0.000000e+00,0.000000e+00,0.000000e+00,0.000000e+00,0.000000e+00,2510.669922, 2510.669922,0.000000,0.000000,0.000000,
SYELPDGQVITIGNER,No, 32, 3,  597.63550,   36.034,34.939,18.784,7.264,2.240,0.582,106.166, , , , , , , , , , , , , , , , , , , , , , , , , , , , , , , , ,, , , , , , , , , , , , , , , ,, , , , , , , , , , , , , , , , 597.63702,   45.71000, 1.000000e-03, -2.6, 31741,6.400107e+07,6.314334e+07,3.514833e+07,1.350171e+07,6.671762e+06,1.166507e+06,55.581833, 55.709789,0.000100,0.496627,0.496627,, , , , , , , , , , , , , , , ,, , , , , , , , , , , , , , , ,, , , , , , , , , , , , , , , ,, , , , , , , , , , , , , , , , 597.63812,   59.56000, 3.100000e-05, -4.4, 29956,2.546080e+07,2.583157e+07,1.866900e+07,6.723138e+06,2.817520e+06,2.435330e+06,53.283722, 53.647083,0.000100,0.503614,0.503614,, , , , , , , , , , , , , , , , 597.63776,    34.08000, 1.400000e-02, -3.8, 31625, 1.315193e+08,1.390823e+08,8.798158e+07,4.796848e+07,2.114382e+07,8.366346e+06,55.799175, 55.950943,0.000100,0.513975,0.513975,
SYELPDGQVITIGNER,No, 32, 2,  895.94958,   36.034,34.939,18.784,7.264,2.240,0.582,106.166, , , , , , , , , , , , , , , , , , , , , , , , , , , , , , , , ,, , , , , , , , , , , , , , , ,, , , , , , , , , , , , , , , , 895.95197,  102.75000, 4.500000e-10, -2.7, 32216,1.810125e+10,1.764884e+10,9.338421e+09,4.041839e+09,1.363065e+09,4.276118e+08,55.684048, 56.035862,0.000100,0.493673,0.493673,, , , , , , , , , , , , , , , ,, , , , , , , , , , , , , , , ,, , , , , , , , , , , , , , , ,, , , , , , , , , , , , , , , , 895.95410,  107.09000, 1.600000e-10, -5.0, 31901,2.800361e+10,2.666483e+10,1.588745e+10,7.069263e+09,2.800967e+09,9.345746e+08,55.884705, 56.242188,0.000100,0.487755,0.487755,, , , , , , , , , , , , , , , , 895.95343,    88.75000, 7.900000e-09, -4.3, 31605, 1.484090e+10,1.477618e+10,9.053697e+09,4.427394e+09,1.915829e+09,7.075686e+08,55.875614, 56.233856,0.000100,0.498907,0.498907,
ANNVLSGGTTMYPGIADR,No, 32, 2,  918.94910,   34.073,33.549,19.697,8.541,2.983,0.879,114.898, , , , , , , , , , , , , , , , , , , , , , , , , , , , , , , , ,, , , , , , , , , , , , , , , ,, , , , , , , , , , , , , , , , 918.95276,   59.53000, 5.200000e-06, -4.0, 26281,5.059743e+06,4.356390e+06,2.084105e+06,2.120770e+05,0.000000e+00,0.000000e+00,47.445995, 47.529392,0.000100,0.462652,0.462652,, , , , , , , , , , , , , , , ,, , , , , , , , , , , , , , , ,, , , , , , , , , , , , , , , ,, , , , , , , , , , , , , , , , 918.95251,   49.89000, 2.700000e-05, -3.7, 26249,1.876523e+06,7.623250e+05,6.502850e+05,0.000000e+00,0.000000e+00,0.000000e+00,47.713131, 47.790119,0.000100,0.288886,0.288886,, , , , , , , , , , , , , , , ,, , , , , , , , , , , , , , , ,
NVPIYEGYALPHAIMR,No, 32, 2,  922.47980,   31.634,33.829,20.709,9.240,3.292,0.983,121.053, , , , , , , , , , , , , , , , , , , , , , , , , , , , , , , , ,, , , , , , , , , , , , , , , ,, , , , , , , , , , , , , , , , 922.48291,   63.68000, 1.100000e-06, -3.4, 28790,1.460190e+07,1.574545e+07,1.090250e+07,8.038918e+06,5.457305e+06,1.013719e+06,51.169147, 51.407124,0.000100,0.518841,0.518841,, , , , , , , , , , , , , , , ,, , , , , , , , , , , , , , , ,, , , , , , , , , , , , , , , ,, , , , , , , , , , , , , , , , 922.98639,   48.05000, 3.100000e-05, -549.5, 28743,1.012488e+07,1.157588e+07,7.436613e+06,5.479807e+06,4.705960e+06,5.941226e+06,51.399815, 51.605209,0.000100,0.533432,0.533432,, , , , , , , , , , , , , , , , 922.48517,    65.96000, 6.500000e-07, -5.8, 28719, 1.153824e+07,1.303599e+07,9.224253e+06,5.470138e+06,3.277121e+06,3.179549e+06,51.471008, 51.682076,0.000100,0.530474,0.530474,
NVPIYEGYALPHAIMR,No, 32, 3,  615.32227,   31.634,33.829,20.709,9.240,3.292,0.983,121.053, , , , , , , , , , , , , , , , , , , , , , , , , , , , , , , , ,, , , , , , , , , , , , , , , ,, , , , , , , , , , , , , , , , 615.32446,   36.43000, 3.800000e-04, -3.6, 28737,2.894121e+08,3.019003e+08,1.846310e+08,8.314815e+07,2.900587e+07,9.460315e+06,51.169147, 51.407124,0.000100,0.510560,0.510560,, , , , , , , , , , , , , , , ,, , , , , , , , , , , , , , , ,, , , , , , , , , , , , , , , ,, , , , , , , , , , , , , , , , 615.32605,   38.69000, 2.400000e-04, -6.2, 28683,2.343076e+08,2.529443e+08,1.693405e+08,7.566198e+07,2.621607e+07,8.911550e+06,51.373974, 51.637714,0.000100,0.519124,0.519124,, , , , , , , , , , , , , , , , 615.32520,    38.21000, 2.600000e-04, -4.8, 28663, 2.667762e+08,2.828932e+08,2.012750e+08,9.741960e+07,3.582740e+07,1.171648e+07,51.446320, 51.709293,0.000100,0.514661,0.514661,
VAPEEHPTLLTEAPLNPK,No, 38, 3,  652.68604,   31.671,34.818,20.740,8.774,2.934,0.821,118.460, , , , , , , , , , , , , , , , , , , , , , , , , , , , , , , , ,, , , , , , , , , , , , , , , ,, , , , , , , , , , , , , , , , 652.68793,   69.11000, 8.300000e-05, -2.9, 22849,1.353075e+10,1.523067e+10,9.348365e+09,4.140148e+09,1.581363e+09,5.257841e+08,41.339371, 41.664162,0.000100,0.529552,0.529552,, , , , , , , , , , , , , , , ,, , , , , , , , , , , , , , , ,, , , , , , , , , , , , , , , ,, , , , , , , , , , , , , , , , 652.68927,   48.64000, 8.900000e-03, -5.0, 22793,2.394687e+10,2.710914e+10,1.694933e+10,8.539752e+09,3.499643e+09,1.306167e+09,41.565918, 41.895336,0.000100,0.530969,0.530969,, , , , , , , , , , , , , , , , 652.69012,    53.78000, 2.700000e-03, -6.3, 22814, 1.191143e+10,1.389100e+10,9.001870e+09,4.818468e+09,2.172560e+09,8.725772e+08,41.662788, 41.972065,0.000100,0.538360,0.538360,
VAPEEHPTLLTEAPLNPK,No, 38, 2,  978.52545,   31.671,34.818,20.740,8.774,2.934,0.821,118.460, , , , , , , , , , , , , , , , , , , , , , , , , , , , , , , , ,, , , , , , , , , , , , , , , ,, , , , , , , , , , , , , , , , 978.52875,   72.16000, 4.100000e-05, -3.4, 22456,5.320291e+08,6.192549e+08,3.882064e+08,1.694994e+08,6.235161e+07,2.318912e+07,41.339371, 41.664162,0.000100,0.537882,0.537882,, , , , , , , , , , , , , , , ,, , , , , , , , , , , , , , , ,, , , , , , , , , , , , , , , ,, , , , , , , , , , , , , , , , 978.53058,   57.32000, 5.800000e-04, -5.2, 22359,1.013550e+09,1.190898e+09,7.978760e+08,3.701617e+08,1.550036e+08,5.368078e+07,41.590462, 41.863258,0.000100,0.540225,0.540225,, , , , , , , , , , , , , , , , 978.53021,    52.69000, 7.000000e-04, -4.9, 22385, 4.696607e+08,5.565812e+08,3.774838e+08,1.996244e+08,8.937592e+07,3.457536e+07,41.687462, 41.972065,0.000100,0.542349,0.542349,
YPIEHGIITNWDDMEK,No, 26, 3,  654.30847,   30.281,33.348,21.232,9.890,3.694,1.161,126.063, , , , , , , , , , , , , , , , , , , , , , , , , , , , , , , , ,, , , , , , , , , , , , , , , ,, , , , , , , , , , , , , , , , 654.31042,   50.21000, 2.000000e-05, -3.0, 28289,2.693452e+07,3.007140e+07,2.096179e+07,1.244513e+07,4.909128e+06,2.094446e+06,48.173115, 48.326107,0.000100,0.527514,0.527514,, , , , , , , , , , , , , , , ,, , , , , , , , , , , , , , , ,, , , , , , , , , , , , , , , ,, , , , , , , , , , , , , , , , 654.31226,   30.63000, 1.300000e-03, -5.8, 28140,1.795287e+08,1.808832e+08,1.041816e+08,5.153224e+07,2.015778e+07,4.176640e+06,50.568512, 51.080601,0.000100,0.501879,0.501879,, , , , , , , , , , , , , , , , 654.64569,    30.89000, 1.300000e-03, -515.9, 28201, 1.271665e+08,1.147757e+08,6.935976e+07,3.453713e+07,1.157245e+07,4.021930e+06,50.764225, 51.216240,0.000100,0.474393,0.474393,
YPIEHGIITNWDDMEK,No, 26, 2,  980.95911,   30.281,33.348,21.232,9.890,3.694,1.161,126.063, , , , , , , , , , , , , , , , , , , , , , , , , , , , , , , , ,, , , , , , , , , , , , , , , ,, , , , , , , , , , , , , , , , 981.46399,   49.15000, 2.500000e-05, -514.9, 28331,4.810113e+06,6.475791e+06,4.280141e+06,1.509350e+06,1.593080e+05,1.361047e+05,50.510036, 50.663677,0.000100,0.573795,0.573795,, , , , , , , , , , , , , , , ,, , , , , , , , , , , , , , , ,, , , , , , , , , , , , , , , ,, , , , , , , , , , , , , , , , 981.46423,   45.31000, 5.600000e-05, -515.2, 28175,5.312926e+06,6.553185e+06,4.146538e+06,2.219293e+06,4.295670e+05,3.048450e+05,50.620468, 50.775650,0.000100,0.552261,0.552261,, , , , , , , , , , , , , , , ,, , , , , , , , , , , , , , , ,
IGMESAGIHETTYNSIMK,No, 32, 3,  661.31677,   29.888,31.956,21.303,10.580,4.265,1.458,130.651, , , , , , , , , , , , , , , , , , , , , , , , , , , , , , , , ,, , , , , , , , , , , , , , , ,, , , , , , , , , , , , , , , , 661.31909,   44.62000, 5.700000e-04, -3.5, 22103,6.003394e+07,6.011885e+07,4.055993e+07,2.065701e+07,8.041018e+06,3.521841e+06,41.147083, 41.289665,0.000100,0.500353,0.500353,, , , , , , , , , , , , , , , ,, , , , , , , , , , , , , , , ,, , , , , , , , , , , , , , , ,, , , , , , , , , , , , , , , , 661.65454,   90.72000, 7.700000e-09, -511.3, 22016,8.474603e+07,9.185221e+07,6.644228e+07,3.213002e+07,1.502596e+07,5.427475e+06,41.338066, 41.869991,0.000100,0.520120,0.520120,, , , , , , , , , , , , , , , , 661.65344,    63.15000, 3.400000e-06, -509.6, 22047, 4.287958e+07,5.131509e+07,3.829905e+07,1.980992e+07,1.019997e+07,3.859666e+06,41.425575, 41.603741,0.000100,0.544777,0.544777,
VALDFENEMATAASSSSLEK,No, 46, 3,  700.66486,   29.617,32.859,21.452,10.307,3.991,1.307,129.181, , , , , , , , , , , , , , , , , , , , , , , , , , , , , , , , ,, , , , , , , , , , , , , , , ,, , , , , , , , , , , , , , , , 700.66614,   69.99000, 2.700000e-07, -1.8, 33424,1.641086e+08,1.782495e+08,1.196866e+08,5.904539e+07,2.283032e+07,1.002731e+07,58.228752, 58.498085,0.000100,0.520652,0.520652,, , , , , , , , , , , , , , , ,, , , , , , , , , , , , , , , ,, , , , , , , , , , , , , , , ,, , , , , , , , , , , , , , , , 700.66815,   69.28000, 3.200000e-07, -4.7, 33367,2.558363e+08,2.978231e+08,2.012396e+08,1.026648e+08,4.730803e+07,2.235640e+07,58.458195, 58.691193,0.000100,0.537918,0.537918,, , , , , , , , , , , , , , , , 700.66766,    71.75000, 1.900000e-07, -4.0, 33293, 1.278026e+08,1.488509e+08,1.083157e+08,6.068961e+07,3.248357e+07,1.849686e+07,58.469940, 58.723137,0.000100,0.538041,0.538041,
VALDFENEMATAASSSSLEK,No, 46, 2, 1050.49365,   29.617,32.859,21.452,10.307,3.991,1.307,129.181, , , , , , , , , , , , , , , , , , , , , , , , , , , , , , , , ,, , , , , , , , , , , , , , , ,, , , , , , , , , , , , , , , ,1050.49658,   89.80000, 3.800000e-09, -2.8, 33618,2.635934e+08,2.819876e+08,1.845323e+08,9.882467e+07,4.769970e+07,1.700503e+07,58.228752, 58.472340,0.000100,0.516857,0.516857,, , , , , , , , , , , , , , , ,, , , , , , , , , , , , , , , ,, , , , , , , , , , , , , , , ,, , , , , , , , , , , , , , , ,1050.49670,   98.15000, 6.300000e-10, -2.9, 33566,3.151434e+08,3.808661e+08,2.671117e+08,1.440836e+08,7.659239e+07,3.000479e+07,58.458195, 58.691193,0.000100,0.547214,0.547214,, , , , , , , , , , , , , , , ,1050.99829,   109.00000, 6.000000e-11, -480.6, 33281, 1.717595e+08,1.895683e+08,1.371560e+08,7.950537e+07,4.404138e+07,2.278884e+07,58.498085, 58.701847,0.000100,0.524643,0.524643,
VALDFENEmATAASSSSLEK,No, 46, 2, 1058.49109,   29.617,32.859,21.452,10.307,3.991,1.307,129.181, , , , , , , , , , , , , , , , , , , , , , , , , , , , , , , , ,, , , , , , , , , , , , , , , ,, , , , , , , , , , , , , , , ,1058.49658,   55.13000, 1.900000e-03, -5.2, 25966,3.235284e+06,3.438047e+06,2.607811e+06,1.481230e+06,2.467020e+05,0.000000e+00,46.951366, 47.053928,0.000100,0.515192,0.515192,, , , , , , , , , , , , , , , ,, , , , , , , , , , , , , , , ,, , , , , , , , , , , , , , , ,, , , , , , , , , , , , , , , ,1058.50037,   47.71000, 1.300000e-03, -8.8, 25917,4.318309e+06,5.057328e+06,4.013958e+06,1.334546e+06,4.749910e+05,1.219370e+05,47.161320, 47.315926,0.000100,0.539412,0.539412,, , , , , , , , , , , , , , , ,1058.49670,    48.90000, 7.900000e-03, -5.3, 25970, 3.029738e+06,3.470471e+06,2.622554e+06,1.032013e+06,6.450310e+05,2.441680e+05,47.359573, 47.515804,0.000100,0.533901,0.533901,
FIGMESAGIHETTYNSIMK,No, 32, 2, 1065.00574,   26.850,31.546,22.367,11.745,4.985,1.791,140.407, , , , , , , , , , , , , , , , , , , , , , , , , , , , , , , , ,, , , , , , , , , , , , , , , ,, , , , , , , , , , , , , , , ,1065.00916,   36.26000, 4.000000e-04, -3.2, 26239,1.511039e+07,1.831089e+07,1.367326e+07,7.291170e+06,2.107216e+06,1.982340e+05,47.388596, 47.555107,0.000100,0.547881,0.547881,, , , , , , , , , , , , , , , ,, , , , , , , , , , , , , , , ,, , , , , , , , , , , , , , , ,, , , , , , , , , , , , , , , ,, , , , , , , , , , , , , , , ,, , , , , , , , , , , , , , , ,1065.01160,    40.19000, 1.700000e-04, -5.5, 26264, 1.148110e+07,1.578840e+07,1.095009e+07,7.373094e+06,2.217803e+06,9.854620e+05,47.832455, 47.992771,0.000100,0.578976,0.578976,
FIGMESAGIHETTYNSIMK,No, 32, 3,  710.33960,   26.850,31.546,22.367,11.745,4.985,1.791,140.407, , , , , , , , , , , , , , , , , , , , , , , , , , , , , , , , ,, , , , , , , , , , , , , , , ,, , , , , , , , , , , , , , , , 710.34198,   33.36000, 1.100000e-03, -3.4, 26429,4.107345e+08,4.976727e+08,3.636317e+08,1.876965e+08,8.477298e+07,3.347431e+07,47.343475, 47.606262,0.000100,0.547852,0.547852,, , , , , , , , , , , , , , , ,, , , , , , , , , , , , , , , ,, , , , , , , , , , , , , , , ,, , , , , , , , , , , , , , , , 710.34265,   43.14000, 1.300000e-04, -4.3, 26360,6.196745e+08,7.355539e+08,5.703199e+08,3.062937e+08,1.450756e+08,5.374372e+07,47.579140, 47.815533,0.000100,0.542753,0.542753,, , , , , , , , , , , , , , , ,, , , , , , , , , , , , , , , ,
DLYANNVLSGGTTMYPGIADR,No, 35, 3,  743.35992,   26.799,32.531,22.546,11.378,4.598,1.564,137.966, , , , , , , , , , , , , , , , , , , , , , , , , , , , , , , , ,, , , , , , , , , , , , , , , ,, , , , , , , , , , , , , , , , 743.36151,   61.13000, 2.200000e-06, -2.1, 36342,3.230936e+07,3.600182e+07,2.314855e+07,1.235979e+07,3.806512e+06,1.380936e+06,62.762817, 62.865685,0.000100,0.527027,0.527027,, , , , , , , , , , , , , , , ,, , , , , , , , , , , , , , , ,, , , , , , , , , , , , , , , ,, , , , , , , , , , , , , , , , 743.36316,   60.49000, 2.800000e-06, -4.4, 36360,6.592808e+06,8.161454e+06,6.777914e+06,3.851342e+06,2.381860e+06,7.680470e+05,63.054356, 64.007263,0.000100,0.553159,0.553159,, , , , , , , , , , , , , , , , 743.36273,    42.80000, 1.000000e-04, -3.8, 36251, 4.713470e+07,5.369906e+07,3.843018e+07,2.739084e+07,1.121517e+07,4.344446e+06,62.851524, 63.067478,0.000100,0.532550,0.532550,
DLYANNVLSGGTTMYPGIADR,No, 35, 2, 1114.53625,   26.799,32.531,22.546,11.378,4.598,1.564,137.966, , , , , , , , , , , , , , , , , , , , , , , , , , , , , , , , ,, , , , , , , , , , , , , , , ,, , , , , , , , , , , , , , , ,1114.54004,   43.73000, 1.300000e-04, -3.4, 36266,9.550783e+07,1.159653e+08,7.944463e+07,3.883114e+07,9.696498e+06,5.689128e+06,62.633408, 62.865685,0.000100,0.548369,0.548369,, , , , , , , , , , , , , , , ,, , , , , , , , , , , , , , , ,, , , , , , , , , , , , , , , ,, , , , , , , , , , , , , , , ,1114.54065,   61.98000, 1.500000e-06, -3.9, 36242,5.968335e+07,6.753889e+07,4.749023e+07,2.274779e+07,1.083980e+07,3.421626e+06,62.848263, 63.080147,0.000100,0.530873,0.530873,, , , , , , , , , , , , , , , ,1115.54419,    32.59000, 2.800000e-03, -904.8, 36151, 5.127023e+07,6.324824e+07,4.723609e+07,2.667901e+07,1.274267e+07,4.886707e+06,62.877911, 63.092888,0.000100,0.552297,0.552297,
YVALDFENEMATAASSSSLEK,No, 46, 2, 1132.02539,   26.541,32.264,22.597,11.566,4.753,1.648,139.404, , , , , , , , , , , , , , , , , , , , , , , , , , , , , , , , ,, , , , , , , , , , , , , , , ,, , , , , , , , , , , , , , , ,1132.53345,   69.03000, 3.400000e-07, -449.0, 36255,1.091731e+07,1.502439e+07,9.693377e+06,1.056828e+07,3.411209e+06,2.400249e+06,62.240829, 62.737431,0.000100,0.579160,0.579160,, , , , , , , , , , , , , , , ,, , , , , , , , , , , , , , , ,, , , , , , , , , , , , , , , ,, , , , , , , , , , , , , , , ,1133.03223,   27.68000, 2.500000e-03, -889.8, 36177,1.423554e+07,1.796743e+07,1.240861e+07,9.055276e+06,5.097307e+06,2.211706e+06,62.616428, 63.003460,0.000100,0.557943,0.557943,, , , , , , , , , , , , , , , ,, , , , , , , , , , , , , , , ,
KDLYANNVLSGGTTMYPGIADR,No, 36, 3,  786.05823,   24.788,31.981,23.268,12.264,5.160,1.825,145.073, , , , , , , , , , , , , , , , , , , , , , , , , , , , , , , , ,, , , , , , , , , , , , , , , ,, , , , , , , , , , , , , , , , 786.06006,   80.33000, 2.800000e-07, -2.3, 28003,7.405304e+07,8.184823e+07,6.307248e+07,3.442443e+07,1.066036e+07,4.761952e+06,50.016090, 50.221355,0.000100,0.525000,0.525000,, , , , , , , , , , , , , , , ,, , , , , , , , , , , , , , , ,, , , , , , , , , , , , , , , ,, , , , , , , , , , , , , , , , 786.73022,   67.65000, 5.500000e-07, -855.6, 27873,5.728507e+07,7.025915e+07,5.326326e+07,2.796209e+07,1.139369e+07,3.206298e+06,50.140701, 50.348984,0.000100,0.550861,0.550861,, , , , , , , , , , , , , , , , 786.73010,    44.47000, 6.800000e-05, -855.5, 27936, 3.620257e+07,4.465508e+07,3.664617e+07,1.995473e+07,9.234279e+06,3.910252e+06,50.334435, 50.536354,0.000100,0.552268,0.552268,
KDLYANNVLSGGTTMYPGIADR,No, 36, 2, 1178.58374,   24.788,31.981,23.268,12.264,5.160,1.825,145.073, , , , , , , , , , , , , , , , , , , , , , , , , , , , , , , , ,, , , , , , , , , , , , , , , ,, , , , , , , , , , , , , , , ,1179.08240,   34.54000, 1.200000e-03, -423.3, 28058,2.152114e+06,2.086002e+06,1.426526e+06,4.234630e+05,0.000000e+00,0.000000e+00,50.067059, 50.143814,0.000100,0.492200,0.492200,, , , , , , , , , , , , , , , ,, , , , , , , , , , , , , , , ,, , , , , , , , , , , , , , , ,, , , , , , , , , , , , , , , ,1179.08240,    0.00000, 0.000000e+00, -423.3, 28058,0.000000e+00,0.000000e+00,0.000000e+00,0.000000e+00,0.000000e+00,0.000000e+00,3008.510010, 3008.510010,0.000000,0.000000,0.000000,, , , , , , , , , , , , , , , ,1179.08240,     0.00000, 0.000000e+00, -423.3, 28058, 0.000000e+00,0.000000e+00,0.000000e+00,0.000000e+00,0.000000e+00,0.000000e+00,3008.510010, 3008.510010,0.000000,0.000000,0.000000,
LcYVALDFENEMATAASSSSLEK,No, 48, 2, 1268.58276,   22.535,30.029,23.637,13.704,6.410,2.538,156.743, , , , , , , , , , , , , , , , , , , , , , , , , , , , , , , , ,, , , , , , , , , , , , , , , ,, , , , , , , , , , , , , , , ,1268.58594,   93.36000, 3.000000e-09, -2.5, 40337,1.353062e+09,1.891018e+09,1.519467e+09,8.887059e+08,4.456832e+08,2.061737e+08,68.250679, 68.549599,0.000100,0.582913,0.582913,, , , , , , , , , , , , , , , ,, , , , , , , , , , , , , , , ,, , , , , , , , , , , , , , , ,, , , , , , , , , , , , , , , ,1269.09216,  113.42000, 2.300000e-11, -401.7, 40684,2.619104e+09,3.669152e+09,2.959510e+09,1.931760e+09,1.071327e+09,5.318575e+08,68.378136, 68.660439,0.000100,0.583493,0.583493,, , , , , , , , , , , , , , , ,1269.08899,   100.24000, 4.700000e-10, -399.2, 42394, 1.400718e+09,1.982206e+09,1.656566e+09,1.100923e+09,6.627503e+08,3.616156e+08,68.429642, 68.711510,0.000100,0.585945,0.585945,
LcYVALDFENEMATAASSSSLEK,No, 48, 3,  846.05756,   22.535,30.029,23.637,13.704,6.410,2.538,156.743, , , , , , , , , , , , , , , , , , , , , , , , , , , , , , , , ,, , , , , , , , , , , , , , , ,, , , , , , , , , , , , , , , , 846.39386,   93.32000, 1.800000e-09, -397.8, 39907,2.467282e+09,3.345410e+09,2.602242e+09,1.553083e+09,8.092162e+08,3.455057e+08,68.250679, 68.549599,0.000100,0.575535,0.575535,, , , , , , , , , , , , , , , ,, , , , , , , , , , , , , , , ,, , , , , , , , , , , , , , , ,, , , , , , , , , , , , , , , , 846.39673,  102.04000, 2.700000e-10, -401.2, 39835,6.095442e+09,7.993055e+09,6.628790e+09,4.356427e+09,2.342652e+09,1.181274e+09,68.378136, 68.660439,0.000100,0.567346,0.567346,, , , , , , , , , , , , , , , , 846.06049,    94.53000, 1.400000e-09, -3.5, 40653, 3.240501e+09,4.339302e+09,3.636813e+09,2.524174e+09,1.452213e+09,8.097530e+08,68.429642, 68.711510,0.000100,0.572482,0.572482,
LcYVALDFENEMATAASSSSLEK,No, 48, 4,  634.79498,   22.535,30.029,23.637,13.704,6.410,2.538,156.743, , , , , , , , , , , , , , , , , , , , , , , , , , , , , , , , ,, , , , , , , , , , , , , , , ,, , , , , , , , , , , , , , , , 635.29736,   17.24000, 2.400000e-02, -792.3, 39952,1.099583e+07,1.544310e+07,1.317602e+07,9.227614e+06,4.354822e+06,1.212754e+06,68.276390, 68.496162,0.000100,0.584105,0.584105,, , , , , , , , , , , , , , , ,, , , , , , , , , , , , , , , ,, , , , , , , , , , , , , , , ,, , , , , , , , , , , , , , , , 634.79834,   37.44000, 6.200000e-04, -5.3, 39854,7.386019e+07,9.516294e+07,7.716671e+07,5.197011e+07,2.667481e+07,1.208210e+07,68.378136, 68.638992,0.000100,0.563017,0.563017,, , , , , , , , , , , , , , , ,, , , , , , , , , , , , , , , ,
LcYVALDFENEmATAASSSSLEK,No, 48, 2, 1276.58020,   22.535,30.029,23.637,13.704,6.410,2.538,156.743, , , , , , , , , , , , , , , , , , , , , , , , , , , , , , , , ,, , , , , , , , , , , , , , , ,, , , , , , , , , , , , , , , ,1276.58325,   78.51000, 4.800000e-06, -2.4, 33119,1.158303e+07,1.460357e+07,1.578373e+07,6.594931e+06,4.612542e+06,7.526380e+05,57.707981, 57.912739,0.000100,0.557673,0.557673,, , , , , , , , , , , , , , , ,, , , , , , , , , , , , , , , ,, , , , , , , , , , , , , , , ,, , , , , , , , , , , , , , , ,1277.08472,   82.69000, 1.800000e-08, -395.4, 33045,2.214999e+07,2.813818e+07,2.919116e+07,1.360463e+07,1.196080e+07,2.823878e+06,57.913692, 58.140697,0.000100,0.559539,0.559539,, , , , , , , , , , , , , , , ,1276.58142,    81.57000, 3.000000e-06, -1.0, 32967, 1.421119e+07,1.576817e+07,1.514123e+07,9.049395e+06,7.126737e+06,1.128756e+06,57.938732, 58.175682,0.000100,0.525967,0.525967,
LcYVALDFENEmATAASSSSLEK,No, 48, 3,  851.38922,   22.535,30.029,23.637,13.704,6.410,2.538,156.743, , , , , , , , , , , , , , , , , , , , , , , , , , , , , , , , ,, , , , , , , , , , , , , , , ,, , , , , , , , , , , , , , , , 852.05658,   44.24000, 8.900000e-05, -784.5, 33044,3.373713e+07,4.798539e+07,3.539113e+07,2.219600e+07,1.011843e+07,3.906673e+06,57.707981, 57.938000,0.000100,0.587175,0.587175,, , , , , , , , , , , , , , , ,, , , , , , , , , , , , , , , ,, , , , , , , , , , , , , , , ,, , , , , , , , , , , , , , , , 851.72974,   48.32000, 2.900000e-05, -400.3, 32979,7.711596e+07,1.056011e+08,8.700710e+07,5.440707e+07,3.301729e+07,1.509343e+07,57.913692, 58.140697,0.000100,0.577949,0.577949,, , , , , , , , , , , , , , , , 852.05896,    40.94000, 1.400000e-04, -787.3, 32918, 4.444610e+07,6.330707e+07,5.413421e+07,3.466956e+07,2.220514e+07,1.000832e+07,57.938732, 58.160416,0.000100,0.587519,0.587519,
FQPSFIGMESAGIHETTYNSIMK,No, 42, 3,  863.41016,   20.308,29.297,24.291,14.695,7.128,2.914,165.044, , , , , , , , , , , , , , , , , , , , , , , , , , , , , , , , ,, , , , , , , , , , , , , , , ,, , , , , , , , , , , , , , , , 863.41052,   30.12000, 1.500000e-03, -0.4, 31821,2.616664e+07,3.881182e+07,3.183487e+07,1.655904e+07,8.481758e+06,1.627852e+06,55.812656, 56.137535,0.000100,0.597303,0.597303,, , , , , , , , , , , , , , , ,, , , , , , , , , , , , , , , ,, , , , , , , , , , , , , , , ,, , , , , , , , , , , , , , , , 863.74854,   36.01000, 4.200000e-04, -392.2, 31725,5.121263e+07,7.158187e+07,6.545912e+07,4.080908e+07,1.947907e+07,6.962876e+06,55.960331, 56.318108,0.000100,0.582940,0.582940,, , , , , , , , , , , , , , , , 863.40515,    16.98000, 2.600000e-02,  5.8, 31647, 2.516930e+07,3.497343e+07,3.211624e+07,2.018838e+07,1.157322e+07,3.875293e+06,55.976402, 56.355900,0.000100,0.581507,0.581507,
TTGIVLDSGDGVTHNVPIYEGYALPH,No, 41, 3,  909.12048,   20.297,30.886,25.006,14.198,6.316,2.335,160.432, , , , , , , , , , , , , , , , , , , , , , , , , , , , , , , , ,, , , , , , , , , , , , , , , ,, , , , , , , , , , , , , , , , 909.45636,   18.42000, 1.900000e-02, -369.7, 34777,3.252027e+08,4.905219e+08,3.873822e+08,2.402648e+08,1.079951e+08,3.416361e+07,58.797855, 59.459816,0.000100,0.601333,0.601333,, , , , , , , , , , , , , , , ,, , , , , , , , , , , , , , , ,, , , , , , , , , , , , , , , ,, , , , , , , , , , , , , , , ,, , , , , , , , , , , , , , , ,, , , , , , , , , , , , , , , , 909.12488,    17.83000, 2.100000e-02, -4.8, 33736, 4.223048e+09,6.331796e+09,5.416219e+09,3.607320e+09,1.895319e+09,9.389104e+08,58.549450, 58.847878,0.000100,0.599895,0.599895,
TTGIVLDSGDGVTHNVPIYEGYALPH,No, 41, 2, 1363.17700,   20.297,30.886,25.006,14.198,6.316,2.335,160.432, , , , , , , , , , , , , , , , , , , , , , , , , , , , , , , , ,, , , , , , , , , , , , , , , ,, , , , , , , , , , , , , , , ,1363.68091,   18.38000, 1.900000e-02, -369.8, 33463,9.326106e+07,1.469251e+08,1.170953e+08,6.638571e+07,2.704931e+07,1.225482e+07,58.331432, 58.633614,0.000100,0.611714,0.611714,, , , , , , , , , , , , , , , ,, , , , , , , , , , , , , , , ,, , , , , , , , , , , , , , , ,, , , , , , , , , , , , , , , ,, , , , , , , , , , , , , , , ,, , , , , , , , , , , , , , , ,1363.18127,    20.20000, 1.300000e-02, -3.1, 33345, 6.629085e+07,1.083773e+08,9.154135e+07,5.635593e+07,2.959419e+07,1.459609e+07,58.549450, 58.847878,0.000100,0.620475,0.620475,
cPETLFQPSFIGMESAGIHETTYN,No, 46, 3,  910.41223,   19.518,28.812,24.428,15.106,7.491,3.132,168.610, , , , , , , , , , , , , , , , , , , , , , , , , , , , , , , , ,, , , , , , , , , , , , , , , ,, , , , , , , , , , , , , , , , 910.74951,   27.17000, 2.800000e-03, -370.7, 38959,1.036302e+08,1.426184e+08,1.318807e+08,8.669056e+07,4.192581e+07,1.943089e+07,66.773460, 67.053551,0.000100,0.579164,0.579164,, , , , , , , , , , , , , , , ,, , , , , , , , , , , , , , , ,, , , , , , , , , , , , , , , ,, , , , , , , , , , , , , , , , 910.41675,   49.09000, 2.500000e-05, -5.0, 39130,2.326514e+08,3.624623e+08,3.223492e+08,2.138408e+08,1.188387e+08,5.849944e+07,66.930283, 67.192169,0.000100,0.609064,0.609064,, , , , , , , , , , , , , , , , 911.08466,    39.32000, 2.100000e-04, -739.1, 38833, 1.137165e+08,1.716004e+08,1.573441e+08,1.132029e+08,6.579565e+07,3.294592e+07,67.000893, 67.241112,0.000100,0.601438,0.601438,
cPETLFQPSFIGmESAGIHETTYN,No, 46, 3,  915.74390,   19.518,28.812,24.428,15.106,7.491,3.132,168.610, , , , , , , , , , , , , , , , , , , , , , , , , , , , , , , , ,, , , , , , , , , , , , , , , ,, , , , , , , , , , , , , , , , 916.42773,   29.26000, 3.200000e-03, -747.3, 39119,5.669819e+07,8.289073e+07,7.645376e+07,5.127936e+07,2.939735e+07,1.336759e+07,67.596214, 67.934204,0.000100,0.593820,0.593820,, , , , , , , , , , , , , , , ,, , , , , , , , , , , , , , , ,, , , , , , , , , , , , , , , ,, , , , , , , , , , , , , , , , 916.09363,   46.48000, 4.800000e-05, -382.2, 39046,2.910649e+07,4.469576e+07,3.896554e+07,2.767183e+07,1.737285e+07,9.541269e+06,67.714043, 68.142113,0.000100,0.605615,0.605615,, , , , , , , , , , , , , , , ,, , , , , , , , , , , , , , , ,
EKLcYVALDFENEMATAASSSSLEK,No, 53, 3,  931.77008,   19.520,28.655,24.355,15.144,7.567,3.194,169.038, , , , , , , , , , , , , , , , , , , , , , , , , , , , , , , , ,, , , , , , , , , , , , , , , ,, , , , , , , , , , , , , , , , 931.77271,   83.35000, 1.500000e-08, -2.8, 37725,2.408887e+07,3.571000e+07,3.109345e+07,1.967196e+07,1.061945e+07,2.437099e+07,64.734489, 65.041023,0.000100,0.597168,0.597168,, , , , , , , , , , , , , , , ,, , , , , , , , , , , , , , , ,, , , , , , , , , , , , , , , ,, , , , , , , , , , , , , , , , 931.77527,   77.07000, 6.300000e-08, -5.6, 37605,1.907819e+07,2.854820e+07,2.465954e+07,1.785696e+07,1.050588e+07,1.787739e+07,64.865883, 65.125000,0.000100,0.599420,0.599420,, , , , , , , , , , , , , , , , 932.10846,    79.18000, 3.800000e-08, -363.4, 37579, 2.624729e+07,3.912103e+07,3.350264e+07,2.450382e+07,1.466301e+07,2.224089e+07,64.969391, 65.254181,0.000100,0.598471,0.598471,
cPETLFQPSFIGMESAGIHETTYNSIMK,No, 51, 4,  797.87390,   14.509,24.875,24.614,17.759,10.274,5.015,193.554, , , , , , , , , , , , , , , , , , , , , , , , , , , , , , , , ,, , , , , , , , , , , , , , , ,, , , , , , , , , , , , , , , , 797.87567,   52.33000, 1.200000e-05, -2.2, 37073,3.613173e+08,6.546531e+08,6.444695e+08,4.633699e+08,2.806950e+08,1.538515e+08,63.509602, 63.790005,0.000100,0.644362,0.644362,, , , , , , , , , , , , , , , ,, , , , , , , , , , , , , , , ,, , , , , , , , , , , , , , , ,, , , , , , , , , , , , , , , , 797.87823,   60.24000, 3.600000e-06, -5.4, 37026,1.104490e+09,1.955473e+09,1.901054e+09,1.491348e+09,9.706102e+08,5.262198e+08,63.723820, 63.981632,0.000100,0.639051,0.639051,, , , , , , , , , , , , , , , , 798.37805,    51.88000, 1.400000e-05, -632.5, 36945, 4.331014e+08,8.124301e+08,8.262293e+08,6.387094e+08,4.417926e+08,2.563202e+08,63.743942, 63.996948,0.000100,0.652276,0.652276,
cPETLFQPSFIGMESAGIHETTYNSIMK,No, 51, 3, 1063.49609,   14.509,24.875,24.614,17.759,10.274,5.015,193.554, , , , , , , , , , , , , , , , , , , , , , , , , , , , , , , , ,, , , , , , , , , , , , , , , ,, , , , , , , , , , , , , , , ,1063.49927,   69.29000, 3.200000e-07, -3.0, 37586,2.376227e+09,4.185353e+09,4.354171e+09,3.187384e+09,1.867210e+09,9.696467e+08,63.639690, 63.763901,0.000100,0.637857,0.637857,, , , , , , , , , , , , , , , ,, , , , , , , , , , , , , , , ,, , , , , , , , , , , , , , , ,, , , , , , , , , , , , , , , ,1063.50134,   65.22000, 7.700000e-07, -4.9, 37178,6.704718e+09,1.176938e+10,1.186635e+10,9.514054e+09,6.030551e+09,3.331193e+09,63.723820, 63.981632,0.000100,0.637075,0.637075,, , , , , , , , , , , , , , , ,1064.16858,    63.66000, 1.100000e-06, -632.7, 36925, 1.924308e+08,4.748964e+08,5.996791e+08,5.361821e+08,3.819329e+08,2.382744e+08,64.062370, 64.523750,0.000100,0.711639,0.711639,
cPETLFQPSFIGMESAGIHETTYNSIMK,No, 51, 2, 1594.74048,   14.509,24.875,24.614,17.759,10.274,5.015,193.554, , , , , , , , , , , , , , , , , , , , , , , , , , , , , , , , ,, , , , , , , , , , , , , , , ,, , , , , , , , , , , , , , , ,1594.74744,   24.92000, 4.600000e-03, -4.4, 36863,2.579610e+07,4.687297e+07,5.121126e+07,3.799787e+07,1.980849e+07,9.626062e+06,63.535423, 63.738163,0.000100,0.645020,0.645020,, , , , , , , , , , , , , , , ,, , , , , , , , , , , , , , , ,, , , , , , , , , , , , , , , ,, , , , , , , , , , , , , , , ,1595.25659,   38.73000, 2.300000e-04, -323.7, 36822,6.178403e+07,1.221640e+08,1.349837e+08,9.856512e+07,6.272409e+07,3.012025e+07,63.723820, 63.981632,0.000100,0.664122,0.664122,, , , , , , , , , , , , , , , ,, , , , , , , , , , , , , , , ,
TTGIVLDSGDGVTHNVPIYEGYALPHAIMR,No, 51, 4,  799.90784,   14.938,26.499,25.506,17.380,9.327,4.171,187.812, , , , , , , , , , , , , , , , , , , , , , , , , , , , , , , , ,, , , , , , , , , , , , , , , ,, , , , , , , , , , , , , , , , 799.90955,   64.42000, 9.100000e-07, -2.1, 32860,1.881834e+09,3.294726e+09,3.134546e+09,2.113182e+09,1.211536e+09,5.453140e+08,57.115803, 57.400200,0.000100,0.636470,0.636470,, , , , , , , , , , , , , , , ,, , , , , , , , , , , , , , , ,, , , , , , , , , , , , , , , ,, , , , , , , , , , , , , , , , 800.16217,   56.64000, 4.900000e-06, -318.3, 32554,2.091443e+09,3.658564e+09,3.453442e+09,2.489352e+09,1.499880e+09,7.933803e+08,57.270634, 57.558025,0.000100,0.636271,0.636271,, , , , , , , , , , , , , , , , 800.41077,    49.70000, 2.500000e-05, -629.3, 32993, 1.425288e+09,2.520452e+09,2.443546e+09,1.795902e+09,1.136038e+09,6.472795e+08,57.353058, 57.584583,0.000100,0.638778,0.638778,
TTGIVLDSGDGVTHNVPIYEGYALPHAIMR,No, 51, 3, 1066.20801,   14.938,26.499,25.506,17.380,9.327,4.171,187.812, , , , , , , , , , , , , , , , , , , , , , , , , , , , , , , , ,, , , , , , , , , , , , , , , ,, , , , , , , , , , , , , , , ,1066.21106,   35.21000, 5.000000e-04, -2.9, 32679,1.391311e+08,2.360281e+08,2.181023e+08,1.616474e+08,9.737557e+07,4.721667e+07,57.115803, 57.377647,0.000100,0.629141,0.629141,, , , , , , , , , , , , , , , ,, , , , , , , , , , , , , , , ,, , , , , , , , , , , , , , , ,, , , , , , , , , , , , , , , ,1066.88147,   40.71000, 1.500000e-04, -632.0, 32575,1.175134e+08,2.156473e+08,2.060329e+08,1.370850e+08,8.880625e+07,4.641444e+07,57.270634, 57.558025,0.000100,0.647277,0.647277,, , , , , , , , , , , , , , , ,1066.88098,    19.48000, 1.500000e-02, -631.6, 32552, 8.643206e+07,1.611538e+08,1.575017e+08,1.142150e+08,7.325750e+07,4.284547e+07,57.353058, 57.609959,0.000100,0.650901,0.650901,
cPETLFQPSFIGmESAGIHETTYNSIMK,No, 51, 4,  801.87262,   14.509,24.875,24.614,17.759,10.274,5.015,193.554, , , , , , , , , , , , , , , , , , , , , , , , , , , , , , , , ,, , , , , , , , , , , , , , , ,, , , , , , , , , , , , , , , , 802.37469,   22.41000, 7.900000e-03, -626.7, 34153,2.426340e+07,2.477000e+07,3.017076e+07,1.759431e+07,1.301438e+07,5.427008e+06,59.408894, 60.279037,0.000100,0.505166,0.505166,, , , , , , , , , , , , , , , ,, , , , , , , , , , , , , , , ,, , , , , , , , , , , , , , , ,, , , , , , , , , , , , , , , , 802.37604,   51.64000, 1.400000e-05, -628.4, 34068,3.807990e+07,4.154386e+07,5.221304e+07,3.262329e+07,2.952313e+07,1.126064e+07,59.866749, 60.455135,0.000100,0.521752,0.521752,, , , , , , , , , , , , , , , , 802.12616,    41.53000, 1.300000e-04, -316.5, 33967, 1.811583e+07,2.176251e+07,2.829772e+07,1.781601e+07,1.578900e+07,7.149441e+06,59.739315, 60.414780,0.000100,0.545723,0.545723,
cPETLFQPSFIGmESAGIHETTYNSIMK,No, 51, 3, 1068.82776,   14.509,24.875,24.614,17.759,10.274,5.015,193.554, , , , , , , , , , , , , , , , , , , , , , , , , , , , , , , , ,, , , , , , , , , , , , , , , ,, , , , , , , , , , , , , , , ,1069.49841,   32.24000, 9.500000e-04, -627.9, 34120,8.292472e+07,1.414720e+08,1.500693e+08,1.031191e+08,6.853873e+07,3.306200e+07,60.117828, 60.345352,0.000100,0.630455,0.630455,, , , , , , , , , , , , , , , ,, , , , , , , , , , , , , , , ,, , , , , , , , , , , , , , , ,, , , , , , , , , , , , , , , ,, , , , , , , , , , , , , , , ,, , , , , , , , , , , , , , , ,1069.16626,    36.38000, 3.900000e-04, -316.9, 33946, 5.861955e+07,1.004401e+08,1.062674e+08,8.196593e+07,5.212261e+07,3.414711e+07,59.489536, 59.713966,0.000100,0.631462,0.631462,
ALPHAIMR,No, 19, 2,  454.76035,   56.186,29.109,10.887,3.017,0.661,0.119,63.174, , , , , , , , , , , , , , , , , , , , , , , , , , , , , , , , ,, , , , , , , , , , , , , , , ,, , , , , , , , , , , , , , , , 454.76273,    0.00000, 0.000000e+00, -5.2, 11455,1.653452e+08,9.641613e+07,3.803590e+07,1.931226e+07,1.311588e+06,0.000000e+00,25.060364, 25.249701,0.000100,0.368336,0.368336,, , , , , , , , , , , , , , , ,, , , , , , , , , , , , , , , ,, , , , , , , , , , , , , , , ,, , , , , , , , , , , , , , , , 454.76273,   32.62000, 2.800000e-03, -5.2, 11455,1.495496e+08,8.458197e+07,3.283952e+07,1.341264e+07,6.036987e+06,6.197640e+05,25.352615, 25.631884,0.000100,0.361258,0.361258,, , , , , , , , , , , , , , , , 454.76245,    32.58000, 2.400000e-03, -4.6, 11462, 1.597873e+08,9.470217e+07,3.942686e+07,1.951611e+07,8.994558e+06,4.915488e+06,25.385324, 25.569469,0.000100,0.372126,0.372126,
TTMYPGIADR,No, 16, 2,  562.77386,   50.483,30.875,13.132,4.165,1.066,0.229,75.043, , , , , , , , , , , , , , , , , , , , , , , , , , , , , , , , ,, , , , , , , , , , , , , , , ,, , , , , , , , , , , , , , , ,, , , , , , , , , , , , , , , ,, , , , , , , , , , , , , , , ,, , , , , , , , , , , , , , , ,, , , , , , , , , , , , , , , ,, , , , , , , , , , , , , , , , 562.77649,   24.85000, 1.700000e-02, -4.7, 17831,4.247826e+06,3.239361e+06,1.394846e+06,2.308370e+05,0.000000e+00,3.140860e+05,35.001392, 35.177265,0.000100,0.432654,0.432654,, , , , , , , , , , , , , , , , 563.27496,    24.60000, 2.000000e-02, -891.2, 17838, 7.640543e+06,6.115037e+06,2.130836e+06,1.097607e+06,2.887720e+05,4.718360e+05,34.360008, 35.248272,0.000100,0.444550,0.444550,
EMATAASSSSLEK,No, 32, 2,  656.30847,   47.216,31.387,14.534,5.022,1.417,0.339,82.886, , , , , , , , , , , , , , , , , , , , , , , , , , , , , , , , ,, , , , , , , , , , , , , , , ,, , , , , , , , , , , , , , , ,, , , , , , , , , , , , , , , ,, , , , , , , , , , , , , , , ,, , , , , , , , , , , , , , , ,, , , , , , , , , , , , , , , ,, , , , , , , , , , , , , , , , 656.30988,   17.17000, 2.500000e-02, -2.1, 11097,1.980203e+06,1.918670e+06,5.975950e+05,4.631138e+05,3.410920e+05,0.000000e+00,24.815796, 24.872036,0.000100,0.492109,0.492109,, , , , , , , , , , , , , , , , 656.30914,    17.22000, 2.400000e-02, -1.0, 11125, 1.280440e+05,2.031850e+05,1.453480e+05,0.000000e+00,0.000000e+00,0.000000e+00,25.275368, 25.275368,0.000100,0.613428,0.613428,
VAIQAVLSLYASGR,No, 30, 2,  724.41699,   42.628,34.904,15.735,5.084,1.306,0.282,88.259, , , , , , , , , , , , , , , , , , , , , , , , , , , , , , , , ,, , , , , , , , , , , , , , , ,, , , , , , , , , , , , , , , ,, , , , , , , , , , , , , , , ,, , , , , , , , , , , , , , , ,, , , , , , , , , , , , , , , ,, , , , , , , , , , , , , , , ,, , , , , , , , , , , , , , , , 724.42340,   33.69000, 1.100000e-03, -8.9, 36011,2.560957e+06,2.399019e+06,3.998213e+06,1.961200e+05,1.124043e+05,8.025122e+04,62.397400, 62.667789,0.000100,0.483676,0.483676,, , , , , , , , , , , , , , , ,, , , , , , , , , , , , , , , ,
AGIHETTYNSIMK,No, 21, 3,  488.90988,   41.442,33.150,16.664,6.245,1.890,0.482,95.182, , , , , , , , , , , , , , , , , , , , , , , , , , , , , , , , ,, , , , , , , , , , , , , , , ,, , , , , , , , , , , , , , , ,, , , , , , , , , , , , , , , ,, , , , , , , , , , , , , , , ,, , , , , , , , , , , , , , , ,, , , , , , , , , , , , , , , ,, , , , , , , , , , , , , , , , 488.91235,   19.74000, 1.400000e-02, -5.1, 14335,1.484743e+07,1.342831e+08,5.339594e+06,2.061498e+06,4.786300e+04,2.927697e+04,29.689087, 30.290459,0.000100,0.900440,0.900440,, , , , , , , , , , , , , , , ,, , , , , , , , , , , , , , , ,
TTGIVLDSGDGVTHN,No, 20, 2,  743.36267,   44.006,34.092,15.238,4.985,1.315,0.295,86.259, , , , , , , , , , , , , , , , , , , , , , , , , , , , , , , , ,, , , , , , , , , , , , , , , ,, , , , , , , , , , , , , , , ,, , , , , , , , , , , , , , , ,, , , , , , , , , , , , , , , ,, , , , , , , , , , , , , , , ,, , , , , , , , , , , , , , , ,, , , , , , , , , , , , , , , , 743.86853,   42.98000, 4.000000e-04, -681.0, 20203,1.034117e+07,1.010454e+07,7.289619e+06,3.056839e+06,9.596560e+05,0.000000e+00,38.582901, 38.723759,0.000100,0.494213,0.494213,, , , , , , , , , , , , , , , , 743.86945,    33.17000, 8.700000e-04, -682.2, 20208, 4.007054e+06,3.594369e+06,1.495080e+06,5.530590e+05,0.000000e+00,0.000000e+00,38.640732, 38.743999,0.000100,0.472855,0.472855,
cPETLFQPSFIGM,No, 22, 2,  763.85455,   38.280,32.177,18.196,7.691,2.646,0.771,106.081, , , , , , , , , , , , , , , , , , , , , , , , , , , , , , , , ,, , , , , , , , , , , , , , , ,, , , , , , , , , , , , , , , ,, , , , , , , , , , , , , , , ,, , , , , , , , , , , , , , , ,, , , , , , , , , , , , , , , ,, , , , , , , , , , , , , , , ,, , , , , , , , , , , , , , , , 763.85773,   20.14000, 1.400000e-02, -4.2, 46435,8.311936e+07,7.883415e+07,4.620780e+07,2.304604e+07,7.186086e+06,2.149447e+06,78.326828, 78.671082,0.000100,0.486770,0.486770,, , , , , , , , , , , , , , , ,, , , , , , , , , , , , , , , ,
IGMESAGIHETTYNSIMK,No, 32, 2,  991.47150,   29.888,31.956,21.303,10.580,4.265,1.458,130.651, , , , , , , , , , , , , , , , , , , , , , , , , , , , , , , , ,, , , , , , , , , , , , , , , ,, , , , , , , , , , , , , , , ,, , , , , , , , , , , , , , , ,, , , , , , , , , , , , , , , ,, , , , , , , , , , , , , , , ,, , , , , , , , , , , , , , , ,, , , , , , , , , , , , , , , , 991.47675,   62.68000, 1.300000e-06, -5.3, 22067,3.587292e+06,3.264627e+06,2.600224e+06,8.524810e+05,0.000000e+00,0.000000e+00,41.414146, 41.490360,0.000100,0.476454,0.476454,, , , , , , , , , , , , , , , ,, , , , , , , , , , , , , , , ,
TTGIVLDSGDGVTHNVPIYEGY,No, 31, 3,  769.70953,   26.255,33.389,22.963,11.201,4.315,1.391,137.130, , , , , , , , , , , , , , , , , , , , , , , , , , , , , , , , ,, , , , , , , , , , , , , , , ,, , , , , , , , , , , , , , , ,, , , , , , , , , , , , , , , ,, , , , , , , , , , , , , , , ,, , , , , , , , , , , , , , , ,, , , , , , , , , , , , , , , ,, , , , , , , , , , , , , , , , 769.71399,   18.13000, 2.000000e-02, -5.8, 33906,3.780500e+08,5.033999e+08,3.737400e+08,1.985297e+08,8.778075e+07,3.369544e+07,59.305679, 59.588692,0.000100,0.571104,0.571104,, , , , , , , , , , , , , , , ,, , , , , , , , , , , , , , , ,
ETFNVPAMYVAIQAVLSLYASGR,No, 45, 3,  834.10168,   21.704,30.938,24.316,13.692,6.114,2.284,156.520, , , , , , , , , , , , , , , , , , , , , , , , , , , , , , , , ,, , , , , , , , , , , , , , , ,, , , , , , , , , , , , , , , ,, , , , , , , , , , , , , , , ,, , , , , , , , , , , , , , , ,, , , , , , , , , , , , , , , ,, , , , , , , , , , , , , , , ,, , , , , , , , , , , , , , , , 834.44012,   47.74000, 4.100000e-05, -406.1, 58886,3.567210e+05,3.023710e+05,3.335700e+05,2.366020e+05,1.322570e+05,4.786100e+04,98.962387, 98.988464,0.000100,0.458769,0.458769,, , , , , , , , , , , , , , , ,, , , , , , , , , , , , , , , ,
cPETLFQPSFIGMESAGIHETTYN,No, 46, 2, 1365.11475,   19.518,28.812,24.428,15.106,7.491,3.132,168.610, , , , , , , , , , , , , , , , , , , , , , , , , , , , , , , , ,, , , , , , , , , , , , , , , ,, , , , , , , , , , , , , , , ,, , , , , , , , , , , , , , , ,, , , , , , , , , , , , , , , ,, , , , , , , , , , , , , , , ,, , , , , , , , , , , , , , , ,, , , , , , , , , , , , , , , ,1365.62207,   24.01000, 5.600000e-03, -371.8, 38910,2.875465e+07,4.862035e+07,3.941456e+07,2.754810e+07,1.474058e+07,7.957683e+06,66.930283, 67.192169,0.000100,0.628373,0.628373,, , , , , , , , , , , , , , , ,, , , , , , , , , , , , , , , ,
ETLFQPSFIGMESAGIHETTYNSIMK,No, 47, 3,  977.80164,   16.768,27.177,24.893,16.505,8.737,3.890,180.875, , , , , , , , , , , , , , , , , , , , , , , , , , , , , , , , ,, , , , , , , , , , , , , , , ,, , , , , , , , , , , , , , , ,, , , , , , , , , , , , , , , ,, , , , , , , , , , , , , , , ,, , , , , , , , , , , , , , , ,, , , , , , , , , , , , , , , ,, , , , , , , , , , , , , , , , 978.14221,   21.13000, 1.000000e-02, -348.5, 36508,1.021721e+07,1.385683e+07,1.605697e+07,9.383694e+06,5.543367e+06,4.112499e+06,63.245647, 64.240166,0.000100,0.575592,0.575592,, , , , , , , , , , , , , , , ,, , , , , , , , , , , , , , , ,
TTGIVLDSGDGVTHNVPIYEGYALPHAIMR,No, 51, 5,  640.12775,   14.938,26.499,25.506,17.380,9.327,4.171,187.812, , , , , , , , , , , , , , , , , , , , , , , , , , , , , , , , ,, , , , , , , , , , , , , , , ,, , , , , , , , , , , , , , , ,, , , , , , , , , , , , , , , ,, , , , , , , , , , , , , , , ,, , , , , , , , , , , , , , , ,, , , , , , , , , , , , , , , ,, , , , , , , , , , , , , , , , 640.12976,   34.49000, 5.800000e-04, -3.2, 32604,1.882059e+07,7.768187e+07,3.042839e+07,2.215731e+07,8.705205e+06,5.460923e+06,57.296455, 57.558025,0.000100,0.804973,0.804973,, , , , , , , , , , , , , , , ,, , , , , , , , , , , , , , , ,
TTGIVLDSGDGVTHNVPIYEGYALPHAImR,No, 51, 4,  803.90656,   14.938,26.499,25.506,17.380,9.327,4.171,187.812, , , , , , , , , , , , , , , , , , , , , , , , , , , , , , , , ,, , , , , , , , , , , , , , , ,, , , , , , , , , , , , , , , ,, , , , , , , , , , , , , , , ,, , , , , , , , , , , , , , , ,, , , , , , , , , , , , , , , ,, , , , , , , , , , , , , , , ,, , , , , , , , , , , , , , , , 804.41156,   25.25000, 4.300000e-03, -628.8, 30641,8.984930e+07,1.563487e+08,1.507655e+08,1.037907e+08,6.229804e+07,3.037372e+07,54.342884, 54.615868,0.000100,0.635053,0.635053,, , , , , , , , , , , , , , , ,, , , , , , , , , , , , , , , ,
cPETLFQPSFIGmESAGIHETTYNSImK,No, 51, 3, 1074.15942,   14.509,24.875,24.614,17.759,10.274,5.015,193.554, , , , , , , , , , , , , , , , , , , , , , , , , , , , , , , , ,, , , , , , , , , , , , , , , ,, , , , , , , , , , , , , , , ,, , , , , , , , , , , , , , , ,, , , , , , , , , , , , , , , ,, , , , , , , , , , , , , , , ,, , , , , , , , , , , , , , , ,, , , , , , , , , , , , , , , ,1074.49915,   28.75000, 2.200000e-03, -316.5, 31577,1.077011e+07,2.378622e+07,1.773926e+07,1.569861e+07,1.304630e+07,5.378762e+06,55.725105, 55.909939,0.000100,0.688332,0.688332,, , , , , , , , , , , , , , , ,, , , , , , , , , , , , , , , ,
DEAGPSIVHR,No, 24, 3,  360.85260,   54.554,31.469,10.667,2.663,0.538,0.092,63.407, , , , , , , , , , , , , , , , , , , , , , , , , , , , , , , , ,, , , , , , , , , , , , , , , ,, , , , , , , , , , , , , , , ,, , , , , , , , , , , , , , , ,, , , , , , , , , , , , , , , ,, , , , , , , , , , , , , , , ,, , , , , , , , , , , , , , , ,, , , , , , , , , , , , , , , ,, , , , , , , , , , , , , , , ,, , , , , , , , , , , , , , , , 360.85416,    27.53000, 2.600000e-03, -4.3, 9978, 1.208028e+06,3.887580e+05,2.141560e+05,0.000000e+00,0.000000e+00,0.000000e+00,23.133677, 23.159122,0.000100,0.243463,0.243463,
PDGQVITIGNER,No, 24, 2,  649.83856,   48.389,33.356,13.268,3.863,0.907,0.181,76.011, , , , , , , , , , , , , , , , , , , , , , , , , , , , , , , , ,, , , , , , , , , , , , , , , ,, , , , , , , , , , , , , , , ,, , , , , , , , , , , , , , , ,, , , , , , , , , , , , , , , ,, , , , , , , , , , , , , , , ,, , , , , , , , , , , , , , , ,, , , , , , , , , , , , , , , ,, , , , , , , , , , , , , , , ,, , , , , , , , , , , , , , , , 650.34033,    53.23000, 1.600000e-04, -772.7, 31788, 1.879299e+06,8.877159e+06,8.308661e+06,4.457140e+06,1.872596e+06,1.985110e+05,55.950943, 56.334576,0.000100,0.825286,0.825286,
TTGIVLDSGDGVTHNVPIYEGY,No, 31, 2, 1154.06067,   26.255,33.389,22.963,11.201,4.315,1.391,137.130, , , , , , , , , , , , , , , , , , , , , , , , , , , , , , , , ,, , , , , , , , , , , , , , , ,, , , , , , , , , , , , , , , ,, , , , , , , , , , , , , , , ,, , , , , , , , , , , , , , , ,, , , , , , , , , , , , , , , ,, , , , , , , , , , , , , , , ,, , , , , , , , , , , , , , , ,, , , , , , , , , , , , , , , ,, , , , , , , , , , , , , , , ,1154.06531,    18.78000, 1.700000e-02, -4.0, 34025, 2.232470e+08,2.908970e+08,2.258589e+08,1.221074e+08,6.108853e+07,2.672983e+07,59.283630, 59.567627,0.000100,0.565789,0.565789,
